appid,name,developer,publisher,score_rank,positive,negative,userscore,owners,average_forever,average_2weeks,median_forever,median_2weeks,price,initialprice,discount,ccu
1380170,Blood War,"Repa Games, ImperiumGame",ImperiumGame,,6,6,0,"0 .. 20,000",0,0,0,0,159,399,60,0
1359340,Fairy Bubble,"Claudia, Marcos",CM Studio,,1,0,0,"0 .. 20,000",0,0,0,0,599,599,0,0
1370510,Tahul,SCAD Students &amp; Faculty,Siggraph VR Theater 2020,,6,2,0,"0 .. 20,000",0,0,0,0,0,0,0,0
1376010,YRek Lost In Portals,Gabriel Lopez,Gabriel Lopez,,5,0,0,"0 .. 20,000",0,0,0,0,699,699,0,0
1381370,Lloyd the Monkey 2,Meyer Games,Meyer Games,,3,0,0,"0 .. 20,000",0,0,0,0,599,599,0,0
1384090,AutoLand,NanningsGames,NanningsGames,,6,1,0,"0 .. 20,000",0,0,0,0,99,99,0,0
1176640,Frostpoint VR: Proving Grounds,inXile Entertainment,Thirdverse,,25,24,0,"0 .. 20,000",124,0,124,0,0,0,0,0
1336160,Chupa Chupa VR,kan.kikuchi,kan.kikuchi,,64,7,0,"0 .. 20,000",0,0,0,0,879,1099,20,0
1383690,A Wake Inn,VR Bros,VR Bros,,24,15,0,"0 .. 20,000",0,0,0,0,1999,1999,0,0
1264850,Apastron,Noah Williams,Day Dreamer Games,,12,2,0,"0 .. 20,000",0,0,0,0,599,599,0,0
1384350,Bricks Frenzy,Kenisoft Game Studio,Kenisoft Game Studio,,12,2,0,"0 .. 20,000",0,0,0,0,599,599,0,0
1374200,Lockdown VR: Kidnapped,Zoom Games,Lockdown Escape,,11,1,0,"0 .. 20,000",0,0,0,0,999,999,0,0
1370250,Super Nate Adventure,Kupoapo,Kupoapo,,12,2,0,"0 .. 20,000",0,0,0,0,299,299,0,0
1383500,客栈江湖-Vagabond Inn,肥螳螂,肥螳螂,,28,19,0,"0 .. 20,000",0,0,0,0,399,399,0,0
1363840,Saviors of Sapphire Wings / Stranger of Sword City Revisited,"Experience Inc., Codeglue","NIS America, Inc.",,68,32,0,"0 .. 20,000",3,0,3,0,4999,4999,0,13
1380150,Sword Game,MOSN,MOSN,,15,3,0,"0 .. 20,000",0,0,0,0,0,0,0,0
1388150,Dispersion,Roew Rewk,RoewRe,,2,3,0,"0 .. 20,000",0,0,0,0,99,99,0,0
1376040,Missing Time,Fluttering Abyss,Fluttering Abyss,,19,4,0,"0 .. 20,000",0,0,0,0,1999,1999,0,0
1384820,Psychocat: The Door,Chewa,Chewa,,10,2,0,"0 .. 20,000",0,0,0,0,499,499,0,0
1359970,Citadale - The Awakened Spirit,ERMedia,Plug In Digital,,2,2,0,"0 .. 20,000",0,0,0,0,999,999,0,0
1384670,Dark Tales: Edgar Allan Poe's The Devil in the Belfry Collector's Edition,AMAX Interactive,Big Fish Games,,7,0,0,"0 .. 20,000",0,0,0,0,999,999,0,0
1386000,I'm Russia,Bee Hive,Bee Hive,,0,1,0,"0 .. 20,000",0,0,0,0,999,999,0,0
1379370,4 Civilizations,Tomas Daugela,Tomas Daugela,,6,1,0,"0 .. 20,000",0,0,0,0,159,799,80,0
1381630,Pumpkin Dog Xtreme,Wampee,Wampee,,7,0,0,"0 .. 20,000",0,0,0,0,399,399,0,0
1387980,Rock'n Cow,Igor Silva Batista,MJMac,,9,0,0,"0 .. 20,000",0,0,0,0,99,99,0,0
1385820,Pixel Kunoichi,Nacks Soft,Nacks Soft,,1,0,0,"0 .. 20,000",0,0,0,0,699,699,0,0
1385990,The Light at the End of the Ocean,Jane Titor,Jane Titor,,4,0,0,"0 .. 20,000",0,0,0,0,0,0,0,0
1385320,Pipe Mania,Empire Interactive,Strategy First,,4,1,0,"0 .. 20,000",0,0,0,0,499,499,0,0
1373110,Reflect Horizons,Level 11,Level 11,,19,6,0,"0 .. 20,000",0,0,0,0,0,0,0,0
1324010,Disease -Hidden Object-,OperaHouse Corporation,D3 PUBLISHER,,18,7,0,"0 .. 20,000",0,0,0,0,799,799,0,0
1390300,Stream Arenas,Sic'em Studios,Sic'em Studios,,36,2,0,"0 .. 20,000",0,0,0,0,0,0,0,11
1377600,"""draw a card"" -Simulator",StupidSimulators,Fireworks Productions,,4,1,0,"0 .. 20,000",0,0,0,0,99,99,0,0
718750,Epic Battles of History,Frag Games,The Dream Team DMCC,,4,3,0,"0 .. 20,000",0,0,0,0,0,0,0,0
1315710,Move 'n' Bloom,Waldemar Umaniz,Waldemar Umaniz,,14,0,0,"0 .. 20,000",0,0,0,0,399,399,0,0
1358260,Conqueror 940 AD,"Combat Wombat Studios, Real Epic Development Studios",Combat Wombat Studios,,24,7,0,"0 .. 20,000",0,0,0,0,999,999,0,5
1391400,Halloween World,Kleber Augusto Wilcke,Good Guy Games,,2,3,0,"0 .. 20,000",0,0,0,0,99,99,0,0
1395400,The Corruption Within,"Cosmic Void, Dave Seaman",Cosmic Void,,55,4,0,"0 .. 20,000",0,0,0,0,999,999,0,1
1357870,Metel - Horror Escape,Nar_Qoteak,Linked Squad,,145,5,0,"0 .. 20,000",0,0,0,0,349,499,30,0
1308060,Craft city,Kedexa,Kedexa,,4,8,0,"0 .. 20,000",0,0,0,0,1999,1999,0,0
1384890,Flag Collection,UnDefined Studio,UnDefined Studio,,34,11,0,"0 .. 20,000",0,0,0,0,99,99,0,0
1393310,Space Hole 2020,Sam Atlas,Mr. Sam Atlas,,7,1,0,"0 .. 20,000",0,0,0,0,299,299,0,0
1390490,Kohate,DarkStone Digital,DarkStone Digital,,42,3,0,"0 .. 20,000",0,0,0,0,499,499,0,0
1338920,Space Fat: To the Core,winknowsgames,winknowsgames,,1,0,0,"0 .. 20,000",0,0,0,0,299,299,0,0
1393830,INFLUXIS,BaleYc Studios,BaleYc Studios,,29,15,0,"0 .. 20,000",0,0,0,0,0,0,0,0
1375300,POLAR,"Mzg Games, Mzg Games",Mzg Games,,0,1,0,"0 .. 20,000",0,0,0,0,299,299,0,0
1400110,Sightbringer,Team UWU,DigiPen Institute of Technology,,11,8,0,"0 .. 20,000",0,0,0,0,0,0,0,0
1380510,Shark Attack,Enaayah Software Development and Services Private Limited,Enaayah Software Development and Services Private Limited,,0,3,0,"0 .. 20,000",0,0,0,0,99,99,0,0
1375270,Shape,Igor Neiman,Igor Neiman,,7,0,0,"0 .. 20,000",0,0,0,0,399,399,0,0
1400380,Sweet Tooth 2,"HotFoodGames, VeryHardMemeGames",Garage Games,,0,2,0,"0 .. 20,000",0,0,0,0,399,399,0,0
1395420,Human Diaspora,Leocesar3D Productions,Leocesar3D Productions,,1,2,0,"0 .. 20,000",0,0,0,0,1999,1999,0,0
1398620,Sweet Tooth,Garage Games,Garage Games,,0,2,0,"0 .. 20,000",0,0,0,0,399,399,0,0
1373270,Sakura Dimensions,BerCh1n,BerCh1n,,5,0,0,"0 .. 20,000",0,0,0,0,0,0,0,0
1346260,Another road,Skull Box Games,Skull Box Games,,10,10,0,"0 .. 20,000",0,0,0,0,199,199,0,0
1105960,TOGUM,Guaiamu Studio,Guaiamu Studio,,1,1,0,"0 .. 20,000",0,0,0,0,0,0,0,0
1398030,永夜之冬,愚蠢的人类,愚蠢的人类,,33,4,0,"0 .. 20,000",0,0,0,0,99,99,0,1
1393930,Speedway Challenge 20,Artur Berkowski Berobasket,Artur Berkowski Berobasket,,27,3,0,"0 .. 20,000",0,0,0,0,699,699,0,1
1376840,Lurkers,Ertal Games,Ertal Games,,11,0,0,"0 .. 20,000",0,0,0,0,599,599,0,0
1309170,Way of Heroes,Boing,MGTD Games,,1,0,0,"0 .. 20,000",0,0,0,0,199,199,0,0
1284950,Witcheye,Moon Kid,Devolver Digital,,81,6,0,"0 .. 20,000",384,0,384,0,499,499,0,0
628550,Crypt Stalker,Sinclair Strange,Sinclair Strange,,51,4,0,"0 .. 20,000",0,0,0,0,299,299,0,1
1398900,Lost: Into Dolor,Matthew Mepstead,Matthew Mepstead,,1,0,0,"0 .. 20,000",0,0,0,0,599,599,0,0
1400650,Cruel TD,Studio idiot,FutureGame,,6,3,0,"0 .. 20,000",0,0,0,0,199,199,0,0
607350,Battlestage,FZ-Tech,FZ-Tech,,0,7,0,"0 .. 20,000",0,0,0,0,1099,1099,0,0
1394760,Mahjong Carnaval,New Bridge Games,8floor,,3,0,0,"0 .. 20,000",0,0,0,0,499,499,0,0
1395000,Egypt Picross Pharaohs Riddles,Somer Games,8floor,,4,1,0,"0 .. 20,000",0,0,0,0,499,499,0,0
1395010,Magic Griddlers,New Bridge Games,8floor,,7,1,0,"0 .. 20,000",0,0,0,0,499,499,0,0
1401220,冷血症骰子,CHARON,Pujia8 Studio,,118,8,0,"0 .. 20,000",0,0,0,0,799,799,0,3
1408780,Mad Taxi,"HotFoodGames, VeryHardMemeGames",VeryHardMemeGames,,3,2,0,"0 .. 20,000",0,0,0,0,399,399,0,0
1384380,KUUKIYOMI 2: Consider It More! - New Era,G-MODE,G-MODE,,39,8,0,"0 .. 20,000",0,0,0,0,499,499,0,0
1370680,Lucid Steam,Team Lucid Dream,Team Lucid Dream,,3,3,0,"0 .. 20,000",0,0,0,0,1799,1799,0,0
1364890,Falcobe,Fabian.L,Naytics,,9,7,0,"0 .. 20,000",0,0,0,0,0,0,0,0
1388140,Arwinia,Three Spot Games,Three Spot Games,,2,1,0,"0 .. 20,000",0,0,0,0,999,999,0,0
1388230,DANMAKAI: Red Forbidden Fruit,森の中の猫の小屋,森の中の猫の小屋,,42,1,0,"0 .. 20,000",0,0,0,0,799,999,20,1
1394510,Emurinoo,Osborne Games,Osborne Games,,2,0,0,"0 .. 20,000",0,0,0,0,499,499,0,0
1405970,Once upon a time in the Gold Rush VR: shoot and ride,William at Oxford,William at Oxford,,2,0,0,"0 .. 20,000",0,0,0,0,999,999,0,0
1399400,VR historical journey to the Buddhist civilizations: VR ancient India and Asia,William at Oxford,William at Oxford,,3,0,0,"0 .. 20,000",0,0,0,0,999,999,0,0
1405170,"VR historical journey to the age of Crusaders: Medieval Jerusalem, Saracen Cities, Arabic Culture, East Land",William at Oxford,William at Oxford,,4,1,0,"0 .. 20,000",0,0,0,0,999,999,0,0
1409640,Tomato Way 3,Vladislav Castillo Gonzalez,Vladislav Castillo Gonzalez,,38,5,0,"0 .. 20,000",0,0,0,0,1499,1499,0,0
1409540,Summoner VR : The ruined village,MINO ENTERTAINMENT INC,MINO ENTERTAINMENT INC,,7,4,0,"0 .. 20,000",0,0,0,0,0,0,0,0
1406080,Arc Wizards,Nacks Soft,Nacks Soft,,1,2,0,"0 .. 20,000",0,0,0,0,599,599,0,0
1400920,Flood Fill,Tom Domenico,Tom Domenico,,3,0,0,"0 .. 20,000",0,0,0,0,199,199,0,0
1343750,Z-Race,XOCUS,XOCUS,,60,7,0,"0 .. 20,000",0,0,0,0,1499,1499,0,0
1399660,My Little Prince - a jigsaw puzzle tale,Mens Sana Interactive,Mens Sana Interactive,,47,0,0,"0 .. 20,000",0,0,0,0,199,199,0,0
1409680,1Day一天,若想创意设计工作室,若想创意设计工作室,,3,1,0,"0 .. 20,000",0,0,0,0,99,99,0,0
1406770,Evil Icebox,MATER,MATER,,3,0,0,"0 .. 20,000",0,0,0,0,99,99,0,0
1401880,Midnight Bike,Vroom Vroom,Beep Beep,,17,0,0,"0 .. 20,000",0,0,0,0,99,99,0,0
1412120,Shiny Summer,玫瑰工作室,玫瑰工作室,,13,4,0,"0 .. 20,000",0,0,0,0,99,99,0,0
1412500,Paralyzed,Alexander Lahti,Alexander Lahti,,22,0,0,"0 .. 20,000",0,0,0,0,399,399,0,0
1370970,Gamitate The Meditation Game,Triple Cyclone,Triple Cyclone,,4,0,0,"0 .. 20,000",0,0,0,0,2999,2999,0,0
1354580,Urban Survival,Helix Games,Helix Games,,7,0,0,"0 .. 20,000",0,0,0,0,999,999,0,0
1411860,Invasion: Lost in Time,Itera Laboratories,HH-Games,,8,4,0,"0 .. 20,000",0,0,0,0,499,499,0,0
1396020,Fill and Cross Royal Riddles,Creobit,8floor,,1,1,0,"0 .. 20,000",0,0,0,0,499,499,0,0
1412660,Rivals,Tim Sheinman,Owl_Skip Enterprises,,25,0,0,"0 .. 20,000",0,0,0,0,599,599,0,0
1408410,Eyeb,Giant Gourami,Giant Gourami,,5,1,0,"0 .. 20,000",0,0,0,0,899,899,0,0
1394090,Power of Ten - Demo,Pew Times Three,Pew Times Three,,36,0,0,"0 .. 20,000",0,0,0,0,0,0,0,0
1403710,Platzkart Simulator,"Я-то в советские времена уууу, Поезда, ты, е, игры, Digital Tours Interactive","Бог, Kavkaz Sila Games",,39,43,0,"0 .. 20,000",0,0,0,0,199,199,0,0
1399180,Lone Wolf: World War 2,Redman Games,Redman Games,,1,0,0,"0 .. 20,000",0,0,0,0,299,299,0,0
1412750,Gummy Bear Mafia,Sugar Bush Studios Inc.,Sugar Bush Studios Inc.,,1,0,0,"0 .. 20,000",0,0,0,0,0,0,0,0
891020,Handball 21,Eko Software,Nacon,,17,34,0,"0 .. 20,000",0,0,0,0,3999,3999,0,0
1415500,SUDOKU TIME,Garage Games,Garage Games,,11,6,0,"0 .. 20,000",0,0,0,0,199,199,0,0
1417190,Gravity Mummy,Luci Entertainment,Luci Entertainment,,21,11,0,"0 .. 20,000",0,0,0,0,299,299,0,0
1408060,Idle Armada,Corfe83,Corfe83,,25,4,0,"0 .. 20,000",0,0,0,0,399,399,0,8
1417420,Endless Furry Killer 2020,Tegridy Made Games,Tegridy Made Games,,169,19,0,"0 .. 20,000",0,0,0,0,99,99,0,0
1398510,Galaxy in Peril: Time Trouble,Barty Games,Barty Games,,1,2,0,"0 .. 20,000",0,0,0,0,299,299,0,0
1416180,DECO:BLOCK SIMULATOR,Hiruko Time App,Hiruko Time App,,2,0,0,"0 .. 20,000",0,0,0,0,699,699,0,0
994910,Poker Master,LoongCrown,LoongCrown,,171,20,0,"0 .. 20,000",0,0,0,0,0,0,0,6
1408000,Shot of Rhythm,Wearevragency,Wearevragency,,0,1,0,"0 .. 20,000",0,0,0,0,499,499,0,0
1415830,NECROSIS : RECONFIGURATED,"BlackHawk Games, BHWK NCR",BlackHawk Games,,24,6,0,"0 .. 20,000",0,0,0,0,499,499,0,0
1414300,BeetleQuest,Fasold Games,Fasold Games,,2,1,0,"0 .. 20,000",0,0,0,0,499,499,0,0
1413780,TECHPACK,Techpack,Techpack,,1,0,0,"0 .. 20,000",0,0,0,0,499,499,0,0
1408570,Stand 'em Up,ZAO Igroprom,ZAO Igroprom,,31,0,0,"0 .. 20,000",0,0,0,0,799,799,0,0
1406690,Kasi,Kaikalii,Kaikalii,,80,3,0,"0 .. 20,000",0,0,0,0,499,499,0,0
1375110,History of Korea - VR,PrismMedia,PrismMedia,,3,0,0,"0 .. 20,000",0,0,0,0,0,0,0,0
1418330,Sweet Halloween,玫瑰工作室,玫瑰工作室,,9,4,0,"0 .. 20,000",0,0,0,0,199,199,0,0
1415870,Knight`s Pride,Renan Miguelote Vianna,Renan Miguelote Vianna,,5,3,0,"0 .. 20,000",0,0,0,0,0,0,0,0
1413210,The Cassir Simulator,Maxim Abramov,Maxim Abramov,,30,2,0,"0 .. 20,000",0,0,0,0,99,99,0,0
1410600,MIRAY,Poobool,Poobool,,11,0,0,"0 .. 20,000",0,0,0,0,699,699,0,0
1402390,Oddity Girls: Virtual World,toOrock,toOrock,,0,1,0,"0 .. 20,000",0,0,0,0,0,0,0,0
1398500,MECHBLAZE,ASTRO PORT,Henteko Doujin,,36,1,0,"0 .. 20,000",0,0,0,0,999,999,0,0
1197460,InnoEdu,TMN STEAM,TMN STEAM,,1,1,0,"0 .. 20,000",0,0,0,0,0,0,0,1
1424310,Living in the Ending World,illuCalab,Sekai Project,,6,12,0,"0 .. 20,000",0,0,0,0,599,599,0,0
1426330,Mega Veg Man,Bug Bounty Games,Bug Bounty Games,,2,0,0,"0 .. 20,000",0,0,0,0,499,499,0,0
1423980,Streatham Hill Stories,Anthony Staines,Antz Technology,,5,2,0,"0 .. 20,000",0,0,0,0,499,499,0,0
1421020,Simple FPS Aim Trainer,TapHazard Games,TapHazard Games,,34,5,0,"0 .. 20,000",0,0,0,0,199,199,0,0
1244830,Conflict: Europe,Personal Software Services,MIRROR Soft,,1,0,0,"0 .. 20,000",0,0,0,0,699,699,0,0
1411420,Ordeal,"BCEBOLOD, KiBer_Ogurchik",Team Phoenix,,8,1,0,"0 .. 20,000",0,0,0,0,99,99,0,0
1426980,Hidden Memory - Nature,YAW Studios,YAW Studios,,54,11,0,"0 .. 20,000",0,0,0,0,99,99,0,0
1294060,铁道少女:梦想轨迹,39Soft,moe north railway,,79,0,0,"0 .. 20,000",0,0,0,0,699,699,0,0
1422790,门 The Door,织女星,织女星,,0,2,0,"0 .. 20,000",0,0,0,0,99,99,0,0
1394500,Frontline: World War II,Frontline: Games Series,Frontline: Games Series,,27,3,0,"0 .. 20,000",0,0,0,0,1199,1199,0,1
1413020,Superfly,Loco Motion Devs,Loco Motion Devs,,139,18,0,"0 .. 20,000",150,0,150,0,1499,1499,0,7
1265300,Broll,Rokyte Studio,Rokyte Studio,,20,6,0,"0 .. 20,000",0,0,0,0,199,199,0,0
1282080,Chang'an: The capital of Tang Dynasty,Romulus,Romulus,,35,8,0,"0 .. 20,000",0,0,0,0,999,999,0,3
1419880,The Summoner,Old Eagle,Old Eagle,,1,0,0,"0 .. 20,000",0,0,0,0,499,499,0,0
818420,jump kingdom,Terobi,Terobi,,4,0,0,"0 .. 20,000",0,0,0,0,199,199,0,0
1409470,Encounter the Light / 邂逅光明,GuCubeStudio,GuCubeStudio,,1,0,0,"0 .. 20,000",0,0,0,0,399,399,0,0
1427020,Sasel RPG,Thadius,Thadius,,35,5,0,"0 .. 20,000",0,0,0,0,117,117,0,0
1312740,Schlag den Star - Das 2. Spiel,Beatshapers,bitComposer Interactive GmbH,,0,6,0,"0 .. 20,000",0,0,0,0,3499,3499,0,1
1342280,Story in the Dream World 2 –Water Gods and Spirits–,Nuriverse,Polaris(붙박이별),,2,2,0,"0 .. 20,000",0,0,0,0,0,0,0,0
1403570,The Message,Dream Games,Dream Games,,2,0,0,"0 .. 20,000",0,0,0,0,1499,1499,0,0
1177000,TRANSFORMERS: BATTLEGROUNDS,Coatsink,Outright Games Ltd.,,30,5,0,"0 .. 20,000",0,0,0,0,2999,2999,0,3
1419480,Love's Sweet Garnish 2,Canvas+Garden,Sekai Project,,76,3,0,"0 .. 20,000",0,0,0,0,1699,1699,0,3
1428030,Prince Of Wallachia,SP GAMES,SP GAMES,,3,2,0,"0 .. 20,000",0,0,0,0,119,299,60,0
1431020,Blurple Food Wars,Patrick Milholland,Patrick Milholland,,9,0,0,"0 .. 20,000",0,0,0,0,499,499,0,0
1428420,Nuclear Last Darkness,Iván Marcelo Pretti,Iván Marcelo Pretti,,0,1,0,"0 .. 20,000",0,0,0,0,999,999,0,0
1432290,Spot The Dot,Shady Horse Ent,Shady Horse Ent,,2,0,0,"0 .. 20,000",0,0,0,0,199,199,0,0
1435680,Poultry Parade,Vroom Vroom,Beep Beep,,3,0,0,"0 .. 20,000",0,0,0,0,99,99,0,0
1425380,10mg :),"torcado, Bibiki",10mg,,48,0,0,"0 .. 20,000",0,0,0,0,299,299,0,0
1431420,10mg: Cover Me In Leaves,Elliot Herriman,10mg,,22,1,0,"0 .. 20,000",0,0,0,0,199,199,0,0
1437520,Marcella Moon: Saboteurs on the River,Hidden Ocean Games,Hidden Ocean Games,,5,0,0,"0 .. 20,000",0,0,0,0,799,799,0,0
1437410,CrossKrush,Thinice Games,"Ratalaika Games S.L., GrabTheGames",,8,0,0,"0 .. 20,000",0,0,0,0,499,499,0,0
974310,A Matter of Time,Haywire Game Studios,Haywire Game Studios,,5,4,0,"0 .. 20,000",0,0,0,0,399,399,0,0
1414240,Evolution of a Mini World: Physics Wonderland,William at Oxford,William at Oxford,,6,1,0,"0 .. 20,000",0,0,0,0,499,999,50,0
1375420,Messier111,"MELPOT, inc.","MELPOT, inc.",,2,0,0,"0 .. 20,000",0,0,0,0,499,499,0,0
1426130,MAYOR MADNESS,Sola Games,Sola Games,,1,0,0,"0 .. 20,000",0,0,0,0,999,999,0,0
1429160,Prairie survival,可可西工作室,可可西工作室,,1,6,0,"0 .. 20,000",0,0,0,0,1899,1899,0,0
1432880,4Line,y₀ studios,y₀ studios,,2,1,0,"0 .. 20,000",0,0,0,0,299,299,0,0
1434340,Insect Adventure Demo,MAYOFORCE,MAYOFORCE,,2,1,0,"0 .. 20,000",0,0,0,0,0,0,0,0
1437170,Stranded 2,JimJams Games,JimJams Games,,2,1,0,"0 .. 20,000",0,0,0,0,399,399,0,0
1193790,UNHERD,Happimal,Happimal,,4,1,0,"0 .. 20,000",0,0,0,0,699,699,0,0
1387460,Melancholy Love,White Dew Games,Kikai Digital,,47,1,0,"0 .. 20,000",0,0,0,0,899,899,0,3
1435420,Godslayer|one,Nicolas Peichel,Nicolas Peichel,,4,1,0,"0 .. 20,000",0,0,0,0,299,299,0,0
1434550,Zeltrus,"2&gt;, Dexter.CO","2&gt;, Dexter.CO",,1,0,0,"0 .. 20,000",0,0,0,0,199,199,0,0
1440780,Nerm the Worm,ZaxtorGameS,ZaxtorGameS,,6,0,0,"0 .. 20,000",0,0,0,0,197,299,34,0
1440290,Psycho,Good Monkey,Good Monkey,,32,23,0,"0 .. 20,000",0,0,0,0,399,399,0,2
1424350,Bunny Hill,Brendan Roarty,Brendan Roarty,,20,2,0,"0 .. 20,000",0,0,0,0,799,799,0,0
1361530,Election 2020: Battle for the Throne,Pirotexnik,Pirotexnik,,4,0,0,"0 .. 20,000",0,0,0,0,199,199,0,0
1428440,Change the World,Tea Leaf Studios,Tea Leaf Studios,,1,0,0,"0 .. 20,000",0,0,0,0,0,0,0,0
1444730,My Sweet Washing Machine!,玫瑰工作室,玫瑰工作室,,33,9,0,"0 .. 20,000",0,0,0,0,199,199,0,1
1442350,Space Runner - Anime,Seito Games,Seito Games,,8,5,0,"0 .. 20,000",0,0,0,0,99,99,0,0
1445580,Good puzzle: Music,Laush Dmitriy Sergeevich,Laush Studio,,4,0,0,"0 .. 20,000",0,0,0,0,199,199,0,0
1425550,Who is the Liar?,ASA Games Studio,ASA Games Studio,,28,7,0,"0 .. 20,000",0,0,0,0,299,299,0,0
1432610,Royale Archer VR,Funnypack,Funnypack,,6,3,0,"0 .. 20,000",0,0,0,0,1299,1299,0,0
1435020,PhotoWorld,Piece Of Voxel,Piece Of Voxel,,13,2,0,"0 .. 20,000",0,0,0,0,99,999,90,0
1424270,Brew & Brawl - Gnomes vs. Dwarves,Milk Carton Games,Milk Carton Games,,3,0,0,"0 .. 20,000",0,0,0,0,1299,1299,0,0
1411550,Divilixa,Ice-Cold Shivering Studios,Ice-Cold Shivering Studios,,3,1,0,"0 .. 20,000",0,0,0,0,0,0,0,0
1424610,自西徂东,为了共和开发团队,为了共和发行团队,,4,0,0,"0 .. 20,000",0,0,0,0,500,500,0,0
1402350,12 Labours of Hercules XI: Painted Adventure,Zoom Out Games,Jetdogs Studios,,3,2,0,"0 .. 20,000",0,0,0,0,1199,1199,0,4
1418800,Movavi Video Editor Plus 2021 - Video Editing Software,Movavi Software,Movavi  Software,,109,23,0,"0 .. 20,000",0,0,0,0,5999,5999,0,50
1442480,Prank Call,Lighthouse Games Studio,Lighthouse Games Studio,,19,4,0,"0 .. 20,000",0,0,0,0,0,0,0,0
1414570,Expiration,ThiPault,ThiPault,,3,0,0,"0 .. 20,000",0,0,0,0,499,499,0,0
1448900,StreamUsers,Yevhenii Rabtsun,Yevhenii Rabtsun,,6,2,0,"0 .. 20,000",0,0,0,0,299,299,0,0
1450070,Dark Blocks,Dark Beast Game,Dark Beast Game,,1,0,0,"0 .. 20,000",0,0,0,0,199,199,0,0
1442190,Rise of Zombies,M. games,M. games,,2,1,0,"0 .. 20,000",0,0,0,0,199,199,0,0
1443990,Strange Midnight,Red Forest Games,Red Forest Games,,5,3,0,"0 .. 20,000",0,0,0,0,199,199,0,0
1448290,Roce's Journey,聖Rawrence,聖Rawrence,,10,1,0,"0 .. 20,000",0,0,0,0,0,0,0,0
1424070,Blocks Stacking,Miroslav Bago,Miroslav Bago,,17,0,0,"0 .. 20,000",0,0,0,0,99,99,0,0
1439700,Alchemy Absorption: Melody,RhinoGearz,RhinoGearz,,3,0,0,"0 .. 20,000",0,0,0,0,299,299,0,0
1441830,The Wizard Game,Rorybabory,None,,1,0,0,"0 .. 20,000",0,0,0,0,499,499,0,0
1447540,Enypnion,Sinking Sheep,Sinking Sheep,,16,1,0,"0 .. 20,000",0,0,0,0,199,199,0,0
1447080,SMFly: Ice Age,FreeAnimals_Software,Dnovel,,12,1,0,"0 .. 20,000",0,0,0,0,599,599,0,0
1393660,Rising Constellation,Blackflag Games,Blackflag Games,,12,1,0,"0 .. 20,000",0,0,0,0,1999,1999,0,0
1097820,The Hunger: Games Ensemble,Spacetronaut Ltd Co,Spacetronaut Ltd Co,,50,3,0,"0 .. 20,000",0,0,0,0,399,399,0,0
1439130,ABH,Zaidelle Games,Zaidelle Games,,1,6,0,"0 .. 20,000",0,0,0,0,199,199,0,0
1432960,Eight,Katelyst,Katelyst,,25,16,0,"0 .. 20,000",0,0,0,0,199,199,0,0
1416770,Modulo,Corveda Games,Corveda Games,,3,0,0,"0 .. 20,000",0,0,0,0,499,499,0,0
1433970,Cake Shop Simulator,indiegames3000,indiegames3000,,0,10,0,"0 .. 20,000",0,0,0,0,49,199,75,0
1447730,Town Fall Zombie,ÜmitEski Studio,ÜmitEski Studio,,11,3,0,"0 .. 20,000",0,0,0,0,999,999,0,0
1133300,Sisters Royale: Five Sisters Under Fire,"AlfaSystem Co.,Ltd.",Chorus Worldwide Games,,16,0,0,"0 .. 20,000",0,0,0,0,1399,1399,0,0
1443370,The Skylia Prophecy,ERMedia,Plug In Digital,,4,5,0,"0 .. 20,000",0,0,0,0,1499,1499,0,0
1444360,Aisling and the Tavern of Elves,VN House,Little Black Book Entertainment,,13,6,0,"0 .. 20,000",0,0,0,0,699,699,0,0
1439340,Kittens of Fear,Nokona Studios,Nokona Studios,,1,1,0,"0 .. 20,000",0,0,0,0,299,299,0,0
1422930,Aripi,Simpals LLC,Simpals LLC,,16,5,0,"0 .. 20,000",0,0,0,0,399,399,0,0
691090,Fates Call: A New Beginning,Luthor Studios,Luthor Studios,,2,3,0,"0 .. 20,000",0,0,0,0,1499,1499,0,0
932530,Skull's Impossible Quest,Chris Lucian,Chris Lucian,,3,0,0,"0 .. 20,000",0,0,0,0,799,799,0,0
1222380,Spookyard,ICAD/VisionLab PUC-Rio,ICAD/VisionLab PUC-Rio,,4,0,0,"0 .. 20,000",0,0,0,0,0,0,0,0
1036540,PaymoneyWubby: The Game,Peas,Peas,,17,0,0,"0 .. 20,000",0,0,0,0,0,0,0,0
1413290,Plummet,ORBMIT Productions,ORBMIT Productions,,3,1,0,"0 .. 20,000",0,0,0,0,1299,1299,0,0
1394810,Colossus Down,Mango Protocol,Mango Protocol,,47,0,0,"0 .. 20,000",0,0,0,0,1169,1799,35,0
1434350,Celestial Hearts,Joshua Keith,Joshua Keith,,20,1,0,"0 .. 20,000",0,0,0,0,999,999,0,0
1457820,Cybergeist,Indigo Arts,Indigo Arts,,0,1,0,"0 .. 20,000",0,0,0,0,79,99,20,0
1453740,DUNGEON OF NAZARICK,Gotcha Gotcha Games,Gotcha Gotcha Games,,3,0,0,"0 .. 20,000",0,0,0,0,649,1299,50,1
1434490,Farm Day 2021,indiegames3000,indiegames3000,,25,11,0,"0 .. 20,000",0,0,0,0,199,199,0,0
1455290,Lava Escape Mine,VirtualGo,VirtualGo,,2,1,0,"0 .. 20,000",0,0,0,0,1499,1499,0,0
1454360,Super Star Shooter 16,JD Video Game Productions,JD Video Game Productions,,1,0,0,"0 .. 20,000",0,0,0,0,699,699,0,0
1441430,Wordeous,Equitatus Studio,Junla Games,,16,0,0,"0 .. 20,000",0,0,0,0,499,499,0,0
1454930,TechnoRunner,Corentin Cournac,Corentin Cournac,,4,0,0,"0 .. 20,000",0,0,0,0,399,399,0,0
1427910,Gem Legends,Wellore,8floor,,2,1,0,"0 .. 20,000",0,0,0,0,49,499,90,0
1427920,Griddlers TED and PET,Creobit,8floor,,4,0,0,"0 .. 20,000",0,0,0,0,499,499,0,0
1427940,Pirate Jigsaw,Creobit,8floor,,2,0,0,"0 .. 20,000",0,0,0,0,49,499,90,1
1459870,King Pins,"Sokpop Collective, Sokpop Collective",Sokpop Collective,,31,4,0,"0 .. 20,000",0,0,0,0,299,299,0,0
714820,Creature Romances: For the Ladies,Nostalgia,Sekai Project,,20,3,0,"0 .. 20,000",0,0,0,0,299,299,0,0
1453200,Metu Caligine,SNDO,SNDO,,6,1,0,"0 .. 20,000",0,0,0,0,99,99,0,0
1445370,COUNTDOWN,Hello Friend LLC,Hello Friend LLC,,6,0,0,"0 .. 20,000",0,0,0,0,499,499,0,0
1446690,Super Ultimatum Quiz,Ruskija Game Experience,Tero Lunkka,,6,3,0,"0 .. 20,000",0,0,0,0,99,99,0,0
1192420,Shuttle Commander,Immersive VR Education,Immersive VR Education,,13,13,0,"0 .. 20,000",0,0,0,0,2499,2499,0,0
1425330,Eye of the Beholder,Reptoid Games,Fathom Film Group,,3,2,0,"0 .. 20,000",0,0,0,0,0,0,0,0
1463040,The Legend of Eratus: Dragonlord,e-FunSoft Games,HH-Games,,3,1,0,"0 .. 20,000",0,0,0,0,699,699,0,0
1462640,Alien world Millionaire,yangyiming,yangyiming,,10,3,0,"0 .. 20,000",0,0,0,0,399,399,0,0
1458000,Air Bounce - The Jump 'n' Run Challenge,EpiXR Games UG,EpiXR Games UG,,54,5,0,"0 .. 20,000",0,0,0,0,499,499,0,0
1464730,Metal Commando,indiegames3000,indiegames3000,,22,11,0,"0 .. 20,000",0,0,0,0,199,199,0,0
1367680,Charge!,Hidden Depths Games,Hidden Depths Games,,4,0,0,"0 .. 20,000",0,0,0,0,199,199,0,0
1462910,Twisted: A Dark Fairytale,Fablesoft Studios,Fablesoft Studios,,6,0,0,"0 .. 20,000",0,0,0,0,999,999,0,0
1315390,Verse Surf,SHOPSOFT,SHOPSOFT,,37,12,0,"0 .. 20,000",0,0,0,0,0,0,0,0
1414530,Kavel,Jerry Verhoeven,Daring Caper,,6,0,0,"0 .. 20,000",0,0,0,0,499,499,0,0
1467080,SamuraiZero,Garage Games,Garage Games,,1,2,0,"0 .. 20,000",0,0,0,0,299,299,0,0
1145950,Vector Prospector,SpinAttack Studio,SpinAttack Studio,,14,2,0,"0 .. 20,000",0,0,0,0,799,799,0,0
1262930,Handball Manager 2021,netmin games,netmin games,,43,5,0,"0 .. 20,000",0,0,0,0,3499,3499,0,6
1459070,"FADE, THE FIRST CHAPTER",Knight by Night,Knight by Night,,34,6,0,"0 .. 20,000",0,0,0,0,999,999,0,1
1090700,Lights Orb,Team Light,Rubika Supinfogame,,9,0,0,"0 .. 20,000",0,0,0,0,499,499,0,0
1461800,Eggs Catcher VR,BBR,VRGal.net,,22,2,0,"0 .. 20,000",0,0,0,0,0,0,0,0
1459510,The Seasons Collection: Spring,"Rohaan Siddiqui, Dhairya Khara",RDNA Games,,1,1,0,"0 .. 20,000",0,0,0,0,0,0,0,0
1469660,Dontdy,Electro Gamma,Electro Gamma,,2,0,0,"0 .. 20,000",0,0,0,0,399,399,0,0
1469230,Angry Fugu,Joma Rage,Joma Rage,,1,0,0,"0 .. 20,000",0,0,0,0,49,499,90,0
1462760,Neon Wings: Air Race,"Fubenalvo, SXtheOne",Fubenalvo,,8,0,0,"0 .. 20,000",0,0,0,0,499,499,0,0
1469860,Hollow Destiny,Jacques Azevedo,Jacques Azevedo,,5,0,0,"0 .. 20,000",0,0,0,0,199,199,0,0
1471940,Bahamian Rhapsody,Double Peach Productions,Little Black Book Entertainment,,10,6,0,"0 .. 20,000",0,0,0,0,499,499,0,0
1443170,Rhythm Stars Climbing,Mediawork,Mediawork,,4,2,0,"0 .. 20,000",0,0,0,0,999,999,0,0
1443250,Training Grounds,Wontonic Games,Wontonic Games,,2,0,0,"0 .. 20,000",0,0,0,0,899,899,0,0
1464520,Blewie,Freegashtantae Games,Freegashtantae Games,,2,0,0,"0 .. 20,000",0,0,0,0,399,399,0,0
1462170,Dragon Ninja Clan Sword Of Destiny Game,"Gregory McAdory, GenITeam Solutions",Gregory McAdory,,4,0,0,"0 .. 20,000",0,0,0,0,799,799,0,0
1467580,GENIUS AT WORK!,Lucas Fernández,Lucas Fernández,,2,1,0,"0 .. 20,000",0,0,0,0,99,99,0,0
1463510,英雄坛说X·归来,成都盟布克科技有限公司,成都盟布克科技有限公司,,5,0,0,"0 .. 20,000",0,0,0,0,0,0,0,0
1446320,Harvest Island: Beginnings,Yobob,Yobob Games,,88,15,0,"0 .. 20,000",0,0,0,0,0,0,0,1
1374480,爱人 Lover,埋月山枯,埋月山枯,,120,17,0,"0 .. 20,000",0,0,0,0,699,699,0,0
1450080,The Legend of Heroes: Sen no Kiseki III,Nihon Falcom,Clouded Leopard Entertainment,,105,21,0,"0 .. 20,000",0,0,0,0,4499,4499,0,68
1450090,The Legend of Heroes: Sen no Kiseki II KAI -The Erebonian Civil War-,Nihon Falcom,Clouded Leopard Entertainment,,66,14,0,"0 .. 20,000",0,0,0,0,3499,3499,0,23
1466240,Dancing in the moonlight,maitonn,maitonn,,1,0,0,"0 .. 20,000",0,0,0,0,499,499,0,0
1462220,Mini War - Three Kingdoms,YangZeyu,YangZeyu,,19,2,0,"0 .. 20,000",0,0,0,0,99,99,0,0
1462720,The OrangeRice,Jonathan Garcia Vazquez,Jonathan Garcia Vazquez,,12,0,0,"0 .. 20,000",0,0,0,0,599,599,0,0
1427970,Asian Riddles 3,Creobit,8floor,,3,0,0,"0 .. 20,000",0,0,0,0,499,499,0,3
1425130,Forgotten Hill: First Steps,FM Studio,FM Studio,,30,4,0,"0 .. 20,000",0,0,0,0,299,299,0,4
1322370,Uphold The Realm,Alkaline Development LLC,Alkaline Development LLC,,17,1,0,"0 .. 20,000",0,0,0,0,699,699,0,0
560840,Tootinis,Skalden,Skalden,,0,2,0,"0 .. 20,000",0,0,0,0,2499,2499,0,0
1481020,Without my arms,Killerkun,Killerkun Games,,12,0,0,"0 .. 20,000",0,0,0,0,499,499,0,0
1466090,Gothic 1881,Florian Voss,Florian Voss,,4,1,0,"0 .. 20,000",0,0,0,0,399,399,0,0
1372370,Last of Ass,SSP Games,SSP Games,,17,4,0,"0 .. 20,000",0,0,0,0,299,299,0,0
1439420,Ayoub,سار الترفيهية,سار الترفيهية,,1,0,0,"0 .. 20,000",0,0,0,0,599,599,0,0
1466110,Escape Velocity: Solar System,Indecisive Raccoon,Indecisive Raccoon,,4,0,0,"0 .. 20,000",0,0,0,0,999,999,0,0
1481000,Triversal,Phantom Compass,Phantom Compass,,8,0,0,"0 .. 20,000",0,0,0,0,1199,1199,0,0
1132720,I Walk Among Zombies Vol. 0,Seacoxx,Sekai Project,,39,5,0,"0 .. 20,000",0,0,0,0,899,899,0,1
1476750,You are alone,Rita skaf,Rita skaf,,3,0,0,"0 .. 20,000",0,0,0,0,599,599,0,0
1441480,Adventures of Megara: Antigone and the Living Toys,GameOn Production,Jetdogs Studios,,2,1,0,"0 .. 20,000",0,0,0,0,1199,1199,0,0
1243690,Gods Will Fall,Clever Beans,Deep Silver,,41,28,0,"0 .. 20,000",0,0,0,0,2499,2499,0,1
1382160,Monolithic,Fowl Machinations,Fowl Machinations,,9,2,0,"0 .. 20,000",0,0,0,0,0,0,0,0
1473850,Golems TD,Matouš Lörinc,Matouš Lörinc,,0,1,0,"0 .. 20,000",0,0,0,0,999,999,0,0
1482730,Hollywood Hero: Comeback,Luci Entertainment,Luci Entertainment,,3,10,0,"0 .. 20,000",0,0,0,0,299,299,0,0
1479870,Schoolmates: The Mystery of the Magical Bracelet,GFI,HH-Games,,4,3,0,"0 .. 20,000",0,0,0,0,499,499,0,0
1454910,Substance Designer 2021,Adobe,Adobe,,32,6,0,"0 .. 20,000",0,0,0,0,14999,14999,0,0
1475080,Relaxing Kite,LUXO Interactive,LUK KUS SOFT,,21,0,0,"0 .. 20,000",0,0,0,0,99,99,0,0
1465740,Wicked Rails VR,Went2Play LLC,Went2Play LLC,,2,1,0,"0 .. 20,000",0,0,0,0,499,499,0,0
1462600,ONNANOKO KEEPER,ilyumi,"ilyumi Co., Ltd.",,0,1,0,"0 .. 20,000",0,0,0,0,99,99,0,0
1476390,The King of the Oceans,Purple Void,Purple Void,,2,2,0,"0 .. 20,000",0,0,0,0,499,499,0,0
1465340,Free Spirit VR Meditation,Colibri XR GmbH,Colibri XR GmbH,,5,1,0,"0 .. 20,000",0,0,0,0,222,222,0,0
1428370,times infinity,UWILMOD,UWILMOD,,29,1,0,"0 .. 20,000",0,0,0,0,199,199,0,2
1457480,The Dream of Shadowlands Episode 1,Catalina Zavaleta,Catalina Zavaleta,,25,2,0,"0 .. 20,000",0,0,0,0,0,0,0,0
1486050,Let's Learn Shogi,Dr. Cyril Splutterworth,Dr. Cyril Splutterworth,,6,4,0,"0 .. 20,000",0,0,0,0,699,699,0,0
1482710,Samurai Revenge,SamuraiGames,SamuraiGames,,14,3,0,"0 .. 20,000",0,0,0,0,0,0,0,0
1480570,Finding Alina,Ricardo,Ricardo,,4,2,0,"0 .. 20,000",0,0,0,0,99,99,0,0
1459960,Glitchpunk,Dark Lord,Daedalic Entertainment,,54,24,0,"0 .. 20,000",0,0,0,0,1599,1999,20,0
1410850,Space Smack!,SMU Guildhall,SMU Guildhall,,6,0,0,"0 .. 20,000",0,0,0,0,0,0,0,0
1415540,ElementalsFight,OurLastSpring,OurLastSpring,,4,3,0,"0 .. 20,000",0,0,0,0,999,999,0,0
1471510,"Tales of Lagoona 3: Frauds, Forgeries, and Fishsticks",Playcademy,GC Games,,0,1,0,"0 .. 20,000",0,0,0,0,999,999,0,0
1487360,dstnce.,daniel coady.,daniel coady.,,20,0,0,"0 .. 20,000",0,0,0,0,199,199,0,0
1487100,Lost to Time,Ephemeral Glades Software,Ephemeral Glades Software,,6,0,0,"0 .. 20,000",0,0,0,0,999,999,0,0
1491170,游戏开发的二三事,DarkKnight,2P Games,,178,56,0,"0 .. 20,000",0,0,0,0,999,999,0,5
1489060,InvaderSwarm,Rex Junior,Rex Junior,,7,13,0,"0 .. 20,000",0,0,0,0,199,199,0,0
1489660,Copy Editor: A RegEx Puzzle,Christopher Jarvis,Cinq-Mars Media,,15,8,0,"0 .. 20,000",0,0,0,0,399,399,0,6
1490620,Pray And Spray,Big Bird Games,Big Bird Games,,2,1,0,"0 .. 20,000",0,0,0,0,99,99,0,0
1451830,OBSCURY : THE LAST,Joulion Studio,Joulion Studio,,10,14,0,"0 .. 20,000",0,0,0,0,0,0,0,0
1465640,Dead Man's Rest,Gallium Games,Argent Games,,9,0,0,"0 .. 20,000",0,0,0,0,999,999,0,0
1478240,The Wormaid,Timothy Barnes,Timothy Barnes,,8,0,0,"0 .. 20,000",0,0,0,0,999,999,0,0
1492990,Fission,kashW,kash gry,,11,6,0,"0 .. 20,000",0,0,0,0,99,99,0,0
1493000,VR Bike Tour/Exercise in 22nd Century World,William at Oxford,William at Oxford,,2,3,0,"0 .. 20,000",0,0,0,0,499,499,0,0
1492780,Monolith VR,ZoneStudios,ZoneStudios,,2,0,0,"0 .. 20,000",0,0,0,0,899,899,0,0
1489610,Saturn Quest: Blast Effect,Arkhouse Telegraph,Arkhouse Telegnosis,,3,2,0,"0 .. 20,000",0,0,0,0,399,399,0,0
1464120,600Seconds ~The Deep Church~,StudioGekko,StudioGekko,,6,2,0,"0 .. 20,000",0,0,0,0,1199,1199,0,0
1478420,Poco In Dungeon,Sonic-Alpha,NS,,8,4,0,"0 .. 20,000",0,0,0,0,188,188,0,0
1494050,The Deepest,that games guy,INFINITE BRIDGE,,0,6,0,"0 .. 20,000",0,0,0,0,99,99,0,0
1493410,Mini Car Money Chase,xproject,KazakovStudios,,15,1,0,"0 .. 20,000",0,0,0,0,99,99,0,0
1481710,pleXus VR,Outerlynx,Outerlynx,,3,1,0,"0 .. 20,000",0,0,0,0,499,499,0,0
1494720,Mini Moves: Among Stars,ShortStackStudio,ShortStackStudio,,20,0,0,"0 .. 20,000",0,0,0,0,99,99,0,0
1408540,仙境之夜：白兔奇幻记,Grand Vision,Grand Vision,,18,2,0,"0 .. 20,000",0,0,0,0,0,0,0,0
1479760,NA.NO,François Dubreuil,François Dubreuil,,2,0,0,"0 .. 20,000",0,0,0,0,499,499,0,0
1486970,PetDrivr,Ludact,Ludact,,1,1,0,"0 .. 20,000",0,0,0,0,499,499,0,0
1302480,Slurkum,Front Range Gaming,Cohesive,,1,2,0,"0 .. 20,000",0,0,0,0,1999,1999,0,1
1492590,Let's Learn Japanese: Deluxe,GZ Storm,GZ Storm,,4,2,0,"0 .. 20,000",0,0,0,0,299,299,0,0
1397060,Little Brother's Turn,Mindmill Studios,Mindmill Studios,,9,1,0,"0 .. 20,000",0,0,0,0,299,299,0,0
1482340,Battle Bears -1,SkyVu,SkyVu,,44,2,0,"0 .. 20,000",0,0,0,0,299,299,0,0
1496350,Hamster Logic 3D,Shoho Games,Shoho Games,,2,1,0,"0 .. 20,000",0,0,0,0,49,99,51,5
1498400,Jigsaw Puzzle - Pixel Art Master,Boogygames Studios,Boogygames Studios,,1,0,0,"0 .. 20,000",0,0,0,0,199,199,0,0
1489850,Dispersio 2,Achpile,Achpile,,7,2,0,"0 .. 20,000",0,0,0,0,199,199,0,0
1495280,Mouse Hero,Denis Rudoy,Denis Rudoy,,5,0,0,"0 .. 20,000",0,0,0,0,299,299,0,0
1491280,Jane Angel 2: Fallen Heaven,iMaxGen,HH-Games,,6,0,0,"0 .. 20,000",0,0,0,0,699,699,0,0
1499780,Beat The Moles,INFINITE BRIDGE,INFINITE BRIDGE,,1,5,0,"0 .. 20,000",0,0,0,0,99,99,0,0
1492510,Intelligence Operation,RexGames,RexGames,,5,6,0,"0 .. 20,000",0,0,0,0,1199,1199,0,0
1461710,Kagura's Dreamland 神樂夢境,Oki Aki,Oki Game Lab,,9,1,0,"0 .. 20,000",0,0,0,0,499,499,0,0
1493530,Spartan Firefight,Dobermann Studios,Dobermann Studios,,23,2,0,"0 .. 20,000",0,0,0,0,299,299,0,0
1499190,Lost Caves,Adam D. Smith,Adam D. Smith,,29,1,0,"0 .. 20,000",0,0,0,0,699,699,0,1
1493050,Forest Battle 森林战斗,御剑吟诗,御剑吟诗,,6,0,0,"0 .. 20,000",0,0,0,0,299,299,0,0
1487460,Battle Bears 1: Zombies,SkyVu,SkyVu,,12,1,0,"0 .. 20,000",0,0,0,0,299,299,0,0
1501320,Prison Girl,MA Game,MA Game,,9,25,0,"0 .. 20,000",0,0,0,0,349,499,30,0
1494400,VR JAPAN,Kraftmaru,Kraftmaru,,26,8,0,"0 .. 20,000",0,0,0,0,999,999,0,0
1493810,Sillyfun Valley,Sillyfun Games,Sillyfun Games,,9,3,0,"0 .. 20,000",0,0,0,0,0,0,0,0
1500660,Block Destruction,CrazySim,CrazyDistributive,,1,0,0,"0 .. 20,000",0,0,0,0,299,299,0,0
1500750,牛头人迷宫/Tauren maze,MT Games,MT Games,,24,16,0,"0 .. 20,000",0,0,0,0,99,99,0,0
1498460,Bridge to Another World: Secrets of the Nutcracker Collector's Edition,Friendly Fox,Big Fish Games,,2,0,0,"0 .. 20,000",0,0,0,0,1399,1399,0,0
1493590,Hell Pages,Medusa Head,Medusa Head,,4,1,0,"0 .. 20,000",0,0,0,0,899,899,0,0
1406340,Black Maou & Rainbow Kingdom,San Soku Space,San Soku Space,,4,1,0,"0 .. 20,000",0,0,0,0,799,799,0,0
1490060,Disillusion,Rick Tempest,Rick Tempest,,21,7,0,"0 .. 20,000",0,0,0,0,0,0,0,0
1501140,Taekwondo Demonstration Team Simulator,Studio Odin inc.,Studio Odin inc.,,3,1,0,"0 .. 20,000",0,0,0,0,999,999,0,0
1495130,Fill And Cross Christmas Riddles,Creobit,8floor,,2,1,0,"0 .. 20,000",0,0,0,0,499,499,0,0
931680,Super Hyperspace Avenger,NedoStudio,NedoStudio,,2,0,0,"0 .. 20,000",0,0,0,0,99,99,0,0
1501120,Samurai Cat,Fractal Projects,Fractal Projects,,28,1,0,"0 .. 20,000",0,0,0,0,99,99,0,0
1491790,Atom,PanGuoJun,PanGuoJun,,3,1,0,"0 .. 20,000",0,0,0,0,74,99,25,0
1504580,Maze Party,Burapa Phatichon,SCF,,2,0,0,"0 .. 20,000",0,0,0,0,599,599,0,1
1495070,Alice's Jigsaw Time Travel,Somer Games,8floor,,3,0,0,"0 .. 20,000",0,0,0,0,499,499,0,0
1469090,Bounce,Rare Camel Studios,Rare Camel Studios,,1,0,0,"0 .. 20,000",0,0,0,0,299,299,0,0
1506760,A House of Thieves,Kucki,Kucki,,34,6,0,"0 .. 20,000",0,0,0,0,1199,1199,0,3
1492290,Boulders: Puzzle,Farewell Games,Farewell Games,,2,0,0,"0 .. 20,000",0,0,0,0,199,199,0,0
1505470,Arnold,Dnovel,FreeAnimals_Software,,15,1,0,"0 .. 20,000",0,0,0,0,999,999,0,0
1509350,Club Girl,sixteen bars,sixteen bars,,41,7,0,"0 .. 20,000",0,0,0,0,99,99,0,0
1495110,Fairytale Mosaics Beauty And The Beast 2,Creobit,8floor,,2,0,0,"0 .. 20,000",0,0,0,0,499,499,0,0
1495120,Fairytale Mosaics Cinderella 2,Somer Games,8floor,,1,0,0,"0 .. 20,000",0,0,0,0,499,499,0,0
1508840,Great Exploration VR: New Colony beyond Viking Raiders,William at Oxford,William at Oxford,,1,1,0,"0 .. 20,000",0,0,0,0,299,499,40,0
1410100,Saving Punyville,"Robert Agnvall, Zachary Walker-Liang, Gabe Zimbler",Puny Lab,,19,3,0,"0 .. 20,000",0,0,0,0,0,0,0,0
1509210,Food Stranding,HotFoodGames,HotFoodGames,,3,3,0,"0 .. 20,000",0,0,0,0,299,299,0,0
1503040,Purplis Sandbox,DRAGOLITE,DRAGOLITE STUDIO,,75,17,0,"0 .. 20,000",0,0,0,0,499,499,0,1
1505960,Kuguru,Y-Square Games G.K.,Y-Square Games G.K.,,1,0,0,"0 .. 20,000",0,0,0,0,599,599,0,0
1502480,Z-Blood Mission,Hot Code Games,Hot Code Games,,6,3,0,"0 .. 20,000",0,0,0,0,299,299,0,0
1498940,Binky's Trash Service,ondydev,ondydev,,9,0,0,"0 .. 20,000",0,0,0,0,299,299,0,0
1460700,おんがくしつ / MUSIC ROOM,HasamiMochi,HasamiMochi,,6,21,0,"0 .. 20,000",0,0,0,0,99,99,0,0
1490030,Cyber Dodge,NKVN Games,NKVN Games,,3,0,0,"0 .. 20,000",0,0,0,0,599,599,0,1
1501950,eia,olivecrow,olivecrow,,4,0,0,"0 .. 20,000",0,0,0,0,599,599,0,0
1493930,JankBrain,Log Games Ltd,Log Games Ltd,,5,0,0,"0 .. 20,000",0,0,0,0,499,499,0,0
1488050,Beyond The Diorama: Caribou World,Jovrnalism,Jovrnalism,,4,0,0,"0 .. 20,000",0,0,0,0,0,0,0,0
1504010,Negative: The Way of Shinobi,Art Games Studio,Art Games Studio,,0,1,0,"0 .. 20,000",0,0,0,0,599,599,0,0
1513840,V.O.D.K.A. Open World Survival Shooter,Sweet Games,Sweet Games,,16,33,0,"0 .. 20,000",0,0,0,0,99,99,0,0
1449000,CALL OF LDPR,Mehsoft,Mehsoft,,117,43,0,"0 .. 20,000",0,0,0,0,999,999,0,0
1435960,Potato Party: Hash It Out,Fanaticus XR,Fanaticus XR,,6,0,0,"0 .. 20,000",0,0,0,0,799,799,0,0
1510370,MADE VR : Interactive Movie - 01. Run away!,JOONSPICTURES,JOONSPICTURES,,1,6,0,"0 .. 20,000",0,0,0,0,1119,1599,30,0
1434940,GravKitten,"JOZGamer, Use Your Head - Games",Use Your Head - Games,,9,0,0,"0 .. 20,000",0,0,0,0,99,99,0,0
1469890,NeoCube,Snaju Development,Snaju Development,,1,0,0,"0 .. 20,000",0,0,0,0,99,99,0,0
1224420,Smashroom,Jonathan Calsolaro,Jonathan Calsolaro,,6,1,0,"0 .. 20,000",0,0,0,0,699,699,0,0
931840,Bunny Count,Crypto Sports Games,Crypto Sports Games,,0,2,0,"0 .. 20,000",0,0,0,0,999,999,0,0
1513760,Girls Pinball,Small Game Studio,Small Game Studio,,2,4,0,"0 .. 20,000",0,0,0,0,299,299,0,0
620890,Wizard Bros,Caspian Interactive,Caspian Interactive,,25,3,0,"0 .. 20,000",0,0,0,0,499,499,0,0
1512570,She turned me into a newt!,Teleport Games Bt,Teleport Games Bt,,5,0,0,"0 .. 20,000",0,0,0,0,299,299,0,1
1502070,Survival In Africa,Mambo,Mambo,,20,17,0,"0 .. 20,000",0,0,0,0,0,0,0,0
1513370,Angkor: Runefall,Ironcode,HH-Games,,5,1,0,"0 .. 20,000",0,0,0,0,699,699,0,0
1512200,PYTHIAN,"VRROOM, ART OF DANCE",PYTHIAN BV,,23,8,0,"0 .. 20,000",0,0,0,0,1799,1799,0,0
1515990,Dizzy Two,u)dev,u)dev,,22,11,0,"0 .. 20,000",0,0,0,0,0,0,0,0
1515340,Lazy Postman,ImperiumGame,ImperiumGame,,11,4,0,"0 .. 20,000",0,0,0,0,199,199,0,0
1516550,Vectors,Hanna Hanna Games,Hanna Hanna Games,,19,0,0,"0 .. 20,000",0,0,0,0,99,99,0,0
1517510,Horatama,"Julian Hernandez, Caroline Laber-Smith, Miriam Suarez, Emmanuel Mallea",Team Horatama,,4,0,0,"0 .. 20,000",0,0,0,0,399,399,0,0
1205480,Monster Jam Steel Titans 2,Rainbow Studios,THQ Nordic,,81,19,0,"0 .. 20,000",0,0,0,0,2999,2999,0,12
1506710,Nemesis - RPG,Ismylife,Ismylife,,12,1,0,"0 .. 20,000",0,0,0,0,799,799,0,0
1492210,Starlight: Eye of the Storm,Strides Interactive Game Studio,mNosGaming,,22,0,0,"0 .. 20,000",0,0,0,0,899,899,0,0
1519660,Goat over it,Kiiega,Kiiega,,14,7,0,"0 .. 20,000",0,0,0,0,299,299,0,0
1507930,Oculux,Logisk Studio Inc.,Logisk Studio Inc.,,1,0,0,"0 .. 20,000",0,0,0,0,299,299,0,0
1519680,Ultimatum: Casting,GiantStep,GiantStep,,3,0,0,"0 .. 20,000",0,0,0,0,399,399,0,0
1511330,Digital Zoo Gallery,Digital Zoo,Digital Zoo,,21,1,0,"0 .. 20,000",0,0,0,0,0,0,0,0
1157700,Pro Wrestling Simulator,Pro Wrestling Sim,Pro Wrestling Sim,,92,6,0,"0 .. 20,000",0,0,0,0,1999,1999,0,19
1527140,SC2KRender,Aleksander Krimsky,Aleksander Krimsky,,11,0,0,"0 .. 20,000",0,0,0,0,0,0,0,0
1528110,"Athena, the rabbit - Jigsaw Puzzle",ShortStackStudio,ShortStackStudio,,14,0,0,"0 .. 20,000",0,0,0,0,99,99,0,0
1528890,Climb Fall Human Guys,NeedFreeMove,NeedFreeMove,,5,2,0,"0 .. 20,000",0,0,0,0,99,99,0,0
1251120,Free Solo: One Life,Omey Salvi,Omey Salvi,,7,2,0,"0 .. 20,000",0,0,0,0,0,0,0,0
1502570,"Story of a tiny earth, the symbolic ages",Dominique Da Costa,Dominique Da Costa,,1,0,0,"0 .. 20,000",0,0,0,0,399,399,0,0
1528580,Neon Ships: The Type'em Up Shooter,Sensen Games,Sensen Games,,34,0,0,"0 .. 20,000",0,0,0,0,149,199,25,0
1524290,留白(WhiteWash),Zuo Yan,Zuo Yan,,4,0,0,"0 .. 20,000",0,0,0,0,199,199,0,0
1508410,Pirate of Madagascar Island,Pranay Munda,Pranay Munda,,0,1,0,"0 .. 20,000",0,0,0,0,499,499,0,0
1516940,Evil Seal,Raffaele Mandese,Raffaele Mandese,,4,0,0,"0 .. 20,000",0,0,0,0,899,899,0,0
1526180,Hide and Seek,King of Games,King of Games,,38,13,0,"0 .. 20,000",0,0,0,0,299,299,0,4
1460260,Cosmoscope,Matero Games Ltd,Matero Games Ltd,,4,0,0,"0 .. 20,000",0,0,0,0,1199,1199,0,0
1495050,1001 Jigsaw: Earth Chronicles 3,Creobit,8floor,,1,0,0,"0 .. 20,000",0,0,0,0,499,499,0,1
1469910,Slobbish Dragon Princess,Whirlpool,Sekai Project,,110,23,0,"0 .. 20,000",0,0,0,0,1499,1499,0,2
1507910,Survival Engine,Indie Marc,Indie Marc,,31,11,0,"0 .. 20,000",0,0,0,0,0,0,0,1
1531460,Distorted world,Alexandr Sidorov,Alexandr Sidorov,,3,2,0,"0 .. 20,000",0,0,0,0,799,799,0,0
1527110,Play Enactor,YouVisio Production Inc.,YouVisio Production Inc.,,2,3,0,"0 .. 20,000",0,0,0,0,0,0,0,0
1535910,Kakuro Blend,Ryan Clarke,Ryan Clarke,,2,0,0,"0 .. 20,000",0,0,0,0,499,499,0,1
1533070,Oracle Trials,"Termeno, s.r.o.","Termeno, s.r.o.",,17,1,0,"0 .. 20,000",0,0,0,0,299,299,0,0
1535270,Vacation Adventures: Park Ranger 4,Casual Arts,Casual Arts,,1,0,0,"0 .. 20,000",0,0,0,0,699,699,0,0
1399600,District 99,PolyGames,PolyGames,,2,0,0,"0 .. 20,000",0,0,0,0,199,199,0,0
1495760,Karen,Generic Username,Generic Username,,3,1,0,"0 .. 20,000",0,0,0,0,199,199,0,0
1482740,Atomic Guardians,Mosh Jason Games,Mosh Jason Games,,4,0,0,"0 .. 20,000",0,0,0,0,499,499,0,0
1495140,Halloween Night Mahjong,Creobit,8floor,,1,0,0,"0 .. 20,000",0,0,0,0,49,499,90,0
1252480,Plasticalypse - Submarine Adventures,Iron Wolf Games,Iron Wolf Games,,5,3,0,"0 .. 20,000",0,0,0,0,899,899,0,0
1507700,Fractaltopia: Edit & Visualize,Singularity Horizons,Singularity Horizons,,0,3,0,"0 .. 20,000",0,0,0,0,499,499,0,0
1530070,#Snake2 DX: Reawakening,Ultimate Walrus,Ultimate Walrus,,2,0,0,"0 .. 20,000",0,0,0,0,999,999,0,0
1538920,Starcaller,Monarch Studio,Monarch Studio,,9,4,0,"0 .. 20,000",0,0,0,0,1899,1899,0,0
1540190,RUSH!!!,FoxPixStudio,FoxPixStudio,,1,0,0,"0 .. 20,000",0,0,0,0,99,99,0,0
1509810,Hazordhu,F0lak,F0lak,,8,0,0,"0 .. 20,000",0,0,0,0,599,599,0,0
1541100,蕾米的挑战 Remilia's challenge,16air,16air,,6,0,0,"0 .. 20,000",0,0,0,0,199,199,0,0
1541130,Researcher,Luci Entertainment,Luci Entertainment,,6,4,0,"0 .. 20,000",0,0,0,0,199,199,0,0
1495080,Asian Riddles 4,Creobit,8floor,,4,0,0,"0 .. 20,000",0,0,0,0,499,499,0,1
1483130,Puzlkind,"Michael Ferrier, Sarah Jane Lapp",IronZog LLC,,9,1,0,"0 .. 20,000",0,0,0,0,0,0,0,0
1541440,Darkness Shooter,VeryHardMemeStudio,VeryHardMemeStudio,,2,7,0,"0 .. 20,000",0,0,0,0,399,399,0,0
1506940,Muffin Fight,Red Iron Labs Ltd.,Red Iron Labs Ltd.,,10,1,0,"0 .. 20,000",0,0,0,0,499,499,0,2
1543040,轮回修仙决,KK,KK,,0,2,0,"0 .. 20,000",0,0,0,0,199,199,0,0
1540840,Sausage Fiesta,Tornado Games,Tornado Games,,4,1,0,"0 .. 20,000",0,0,0,0,499,499,0,0
1533750,小小精灵塔防(Little elf tower defense),tree,tree,,2,2,0,"0 .. 20,000",0,0,0,0,99,99,0,0
1528370,CHACAL,Pernich Media,Pernich Media,,13,3,0,"0 .. 20,000",0,0,0,0,399,399,0,0
1537470,Velocity Vector,Alpha Lyrae,Alpha Lyrae,,9,3,0,"0 .. 20,000",0,0,0,0,1499,1499,0,0
1541850,Endless Furry Clicker,Tegridy Made Games,Tegridy Made Games,,7,4,0,"0 .. 20,000",0,0,0,0,99,99,0,0
1541750,Toggle,Alexandre Yoshinaga,Alexandre Yoshinaga,,1,0,0,"0 .. 20,000",0,0,0,0,99,99,0,0
1544460,The Third Day,Pan Studio,Pan Studio,,6,0,0,"0 .. 20,000",0,0,0,0,999,999,0,0
1525970,Typed82,Beardman Studios,Beardman Studios,,7,0,0,"0 .. 20,000",0,0,0,0,499,499,0,0
1497170,ONNANOKO KEEPER 2,ilyumi,"ilyumi Co., Ltd.",,1,0,0,"0 .. 20,000",0,0,0,0,99,99,0,0
1544140,The Great Empire: Relic of Egypt,Platinum Games,Alawar Entertainment,,3,1,0,"0 .. 20,000",0,0,0,0,699,699,0,0
1499750,The Frost Rebirth,Tephra Company,Tephra,,10,12,0,"0 .. 20,000",0,0,0,0,1299,1299,0,0
1463130,Robobo TM,Diaz Pepper,Diaz Pepper,,10,0,0,"0 .. 20,000",0,0,0,0,199,199,0,0
1361670,Skate City,"Agens, Room8",Snowman,,54,11,0,"0 .. 20,000",0,0,0,0,1499,1499,0,2
1541410,One Pixel,LineArt Games,LineArt Games,,27,1,0,"0 .. 20,000",0,0,0,0,99,99,0,0
1471960,Room to Grow,Mischka Kamener,Mischka Kamener,,85,2,0,"0 .. 20,000",0,0,0,0,999,999,0,4
1153850,Super Space Towers,Happy Cactus Games Limited,Happy Cactus Games Limited,,6,0,0,"0 .. 20,000",0,0,0,0,1899,1899,0,0
1342100,Evening Starter,baron sengia,Kagura Games,,61,15,0,"0 .. 20,000",407,0,407,0,1499,1499,0,7
922820,Lotus Bloom,Bloomside Studios,Bloomside Studios,,14,1,0,"0 .. 20,000",0,0,0,0,199,199,0,0
1549620,Push The Box 3D,NanningsGames,NanningsGames,,3,0,0,"0 .. 20,000",0,0,0,0,59,99,40,0
1527060,Cat Gets Medieval,LetMeowt Games LLC,LetMeowt Games LLC,,55,0,0,"0 .. 20,000",0,0,0,0,999,999,0,2
790030,Hexer,Dave,Dave,,0,1,0,"0 .. 20,000",0,0,0,0,599,599,0,0
1551850,Star Steel,Luci Entertainment,Luci Entertainment,,5,4,0,"0 .. 20,000",0,0,0,0,199,199,0,1
1548630,Grappling Ball,FoxydudeStudios,FoxydudeStudios,,1,0,0,"0 .. 20,000",0,0,0,0,499,499,0,0
1546930,Angry Angry Shark,James O,Ida games,,23,6,0,"0 .. 20,000",0,0,0,0,0,0,0,1
1499400,Retro Classix: SRD - Super Real Darwin,Data East,"Ziggurat, 612 Games",,3,1,0,"0 .. 20,000",0,0,0,0,699,699,0,0
1540410,Retro Classix: Joe & Mac - Caveman Ninja,Data East,"Ziggurat, 612 Games",,12,2,0,"0 .. 20,000",0,0,0,0,699,699,0,0
1540420,Retro Classix: Super BurgerTime,Data East,"Ziggurat, 612 Games",,5,1,0,"0 .. 20,000",0,0,0,0,699,699,0,1
1546940,Beard Blade,Glovebox Games LLC,Glovebox Games LLC,,41,4,0,"0 .. 20,000",0,0,0,0,1999,1999,0,7
1546830,Tiani,Ken Langella,Ken Langella,,1,1,0,"0 .. 20,000",0,0,0,0,1999,1999,0,0
1497230,Cauldrons of War - Stalingrad,Maestro Cinetik,Gaming at Work,,34,4,0,"0 .. 20,000",0,0,0,0,999,999,0,4
1550230,Arden's Wake,Penrose,Penrose Studios,,26,4,0,"0 .. 20,000",0,0,0,0,799,799,0,0
1534340,Fi da Puti Samurai,Zanardi and Liza,Zanardi and Liza,,5,2,0,"0 .. 20,000",0,0,0,0,999,999,0,0
1552600,Mage Drops,Orchid of Redemption,Lamplight Forest,,6,0,0,"0 .. 20,000",0,0,0,0,1299,1299,0,0
1554340,Toys & Physics,Rex Junior,Rex Junior,,7,7,0,"0 .. 20,000",0,0,0,0,199,199,0,0
1418540,SEARCH PARTY: Director's Cut,games by lum,Torture Star Video,,35,0,0,"0 .. 20,000",0,0,0,0,499,499,0,3
1524650,Sakura Forest Girls,Winged Cloud,Winged Cloud,,19,1,0,"0 .. 20,000",0,0,0,0,999,999,0,1
1546420,BangBangShooting,GenmStudio,GenmStudio,,1,3,0,"0 .. 20,000",0,0,0,0,699,699,0,0
1555890,Paradise Lost,CoffSt,CoffSt,,3,6,0,"0 .. 20,000",0,0,0,0,4999,4999,0,0
1551660,Gravity Mastery,RedZyrro,RedZyrro,,2,0,0,"0 .. 20,000",0,0,0,0,999,999,0,0
1559750,Dracula VS The Ninja On The Moon,Let's Go to the Grindhouse,Let's Go to The Grindhouse,,8,3,0,"0 .. 20,000",0,0,0,0,99,99,0,0
1539770,Six F and Six 0,うどんぱ,うどんぱ,,18,0,0,"0 .. 20,000",0,0,0,0,0,0,0,1
1559330,Destroy The Hexons - Minimalist Puzzle,Sprovieri Games,Sprovieri Games,,17,1,0,"0 .. 20,000",0,0,0,0,99,99,0,0
1552400,Pirate Island,ImperiumGame,ImperiumGame,,13,3,0,"0 .. 20,000",0,0,0,0,299,299,0,2
1548110,The Depths,Malicious Tree Games,Malicious Tree Games,,2,2,0,"0 .. 20,000",0,0,0,0,199,199,0,0
1558710,Generals. Positional Warfare,oho7nik,oho7nik games,,1,0,0,"0 .. 20,000",0,0,0,0,1199,1199,0,0
1550030,Problem Here,Deep Range Studio,Deep Range Studio,,4,1,0,"0 .. 20,000",0,0,0,0,999,999,0,0
1562980,Destroyer of Worlds,Luci Entertainment,Luci Entertainment,,11,3,0,"0 .. 20,000",0,0,0,0,299,299,0,0
1545250,ECHOLOCAUTION,ハコニワハコビヤ,ハコニワハコビヤ,,32,0,0,"0 .. 20,000",0,0,0,0,499,499,0,1
1566370,Contrast Tunnel,INFINITE BRIDGE,INFINITE BRIDGE,,4,1,0,"0 .. 20,000",0,0,0,0,99,99,0,1
1559810,Salto,"Michal Cichra, Andrzej Jarzyna, Steven Willmott",Timewarp Inc.,,12,4,0,"0 .. 20,000",0,0,0,0,0,0,0,1
1563550,Childhood Fears,Montgomery Ferguson,Monty Monster Studios,,8,0,0,"0 .. 20,000",0,0,0,0,599,599,0,0
1566680,Still Model 3,MCGame,MCGame,,18,8,0,"0 .. 20,000",0,0,0,0,499,499,0,0
1531300,Galaxy X,Galaxy X,Galaxy X,,4,2,0,"0 .. 20,000",0,0,0,0,0,0,0,1
1487590,Yoshiwara Higanbana,MariaCrown,Beijing Happy Entertainment Technology,,132,5,0,"0 .. 20,000",0,0,0,0,4499,4499,0,7
1563850,DIY MY LADY,William at Oxford,William at Oxford,,68,31,0,"0 .. 20,000",0,0,0,0,179,899,80,1
1558360,Mystery Tales: Master of Puppets Collector's Edition,Domini Games,Big Fish Games,,1,1,0,"0 .. 20,000",0,0,0,0,1399,1399,0,1
1539080,The Immortal,Will Harvey,Piko Interactive LLC,,0,1,0,"0 .. 20,000",0,0,0,0,239,599,60,0
1563530,Dracula Frames,Caio Flavio,Caio Flavio,,20,1,0,"0 .. 20,000",0,0,0,0,99,99,0,1
1564720,先民的遗迹Relics of ancestors,Clock in dream,Clock in dream,,3,1,0,"0 .. 20,000",0,0,0,0,299,299,0,0
1520710,Entodrive,Noah Williams,Day Dreamer Games,,4,1,0,"0 .. 20,000",0,0,0,0,299,299,0,0
1566590,Pilot's Misadventures,SG Interactive,SG Interactive,,2,0,0,"0 .. 20,000",0,0,0,0,99,99,0,0
1558440,SPY ESCAPE,Vantan Game Academy Tokyo,Vantan Game Academy Tokyo,,9,0,0,"0 .. 20,000",0,0,0,0,0,0,0,2
23130,Mole Control,,,,0,0,0,"0 .. 20,000",0,0,0,0,0,0,0,1
245350,Metro Last Light JP,,,,0,0,0,"0 .. 20,000",0,0,0,0,0,0,0,1
55210,HOMEFRONT - Japanese,,,,0,0,0,"0 .. 20,000",0,0,0,0,0,0,0,0
2720,ThreadSpace: Hyperbol,Iocaine Studios,SEGA,,34,11,0,"0 .. 20,000",0,0,0,0,99,99,0,0
7340,Azada,Big Fish Games,Big Fish Games,,18,6,0,"0 .. 20,000",0,0,0,0,999,999,0,0
10520,Beijing 2008 - The Official Video Game of the Olympic Games,Eurocom,SEGA,,0,0,0,"0 .. 20,000",0,0,0,0,0,0,0,0
34630,Massive Assault,Wargaming.net,Matrix Games/GMX Media,,17,2,0,"0 .. 20,000",208,0,208,0,999,999,0,0
38110,Build-A-Lot 4: Power Source,Hip Soft,iWin,,10,4,0,"0 .. 20,000",0,0,0,0,999,999,0,0
41680,Death and the Fly,Independent Programmist Group,Interplay Inc.,,3,10,0,"0 .. 20,000",0,0,0,0,999,999,0,0
42000,Trino,Trinoteam,LoadComplete,,9,5,0,"0 .. 20,000",0,0,0,0,499,499,0,0
215390,Damage Inc. Pacific Squadron WWII,Trickstar Games,Mad Catz,,8,7,0,"0 .. 20,000",0,0,0,0,3999,3999,0,0
227900,Battleship,"Sperasoft, Inc.",PopCap,,25,17,0,"0 .. 20,000",0,0,0,0,0,0,0,0
262610,Liquid Rhythm,WaveDNA,WaveDNA,,21,13,0,"0 .. 20,000",0,0,0,0,4999,4999,0,0
262630,Tom vs. The Armies of Hell,Darkmire Entertainment,Darkmire Entertainment,,13,3,0,"0 .. 20,000",0,0,0,0,999,999,0,0
264440,Children of Liberty,Lantana Games,Lantana Games,,3,20,0,"0 .. 20,000",0,0,0,0,999,999,0,0
266270,Gridiron Solitaire,Bill and Eli Productions,Bill and Eli Productions,,58,16,0,"0 .. 20,000",0,0,0,0,799,799,0,1
276220,My Best Friends - Cats & Dogs,Sproing,familyplay,,33,14,0,"0 .. 20,000",0,0,0,0,1499,1499,0,0
276380,My Pet Hotel,Independent Arts Software,familyplay,,2,9,0,"0 .. 20,000",0,0,0,0,1499,1499,0,0
276430,My Pet Hotel 2,Independent Arts Software,familyplay,,8,7,0,"0 .. 20,000",0,0,0,0,1499,1499,0,0
281900,Indie Graphics Bundle - Royalty Free Sprites,Roencia,Roencia Game Creators,,18,13,0,"0 .. 20,000",0,0,0,0,2499,2499,0,0
300620,Flyhunter Origins,Steel Wool Games,Ripstone,,23,4,0,"0 .. 20,000",0,0,0,0,79,399,80,2
300840,JUJU,Flying Wild Hog,Flying Wild Hog,,94,5,0,"0 .. 20,000",78,0,78,0,999,999,0,0
302290,Infinite Game Works Episode 0,Sakura River Interactive,Sakura River Interactive,,7,11,0,"0 .. 20,000",0,0,0,0,1299,1299,0,0
312310,Ensign-1,Only Human Studios,Only Human Studios,,6,14,0,"0 .. 20,000",0,0,0,0,199,199,0,0
314850,Haunted House: Cryptic Graves,Dreampainters Software,Atari Inc.,,2,23,0,"0 .. 20,000",0,0,0,0,0,0,0,0
315240,liteCam Android: No Root Android Screen Recorder,"RSUPPORT Co., LTD.","RSUPPORT Co., LTD.",,20,38,0,"0 .. 20,000",0,0,0,0,999,999,0,0
323620,eden - 3D Screensaver,Maurice Pape,Maurice Pape,,2,7,0,"0 .. 20,000",0,0,0,0,699,699,0,0
324360,TOTM,Juniper Games,Juniper GmbH,,8,11,0,"0 .. 20,000",0,0,0,0,799,799,0,0
327960,Journey of the King,DigitalWorldEntertainment,DigitalWorldEntertainment,,6,18,0,"0 .. 20,000",0,0,0,0,199,199,0,0
331290,Miko Gakkou: Second Year,xinoro,xinoro,,12,3,0,"0 .. 20,000",0,0,0,0,599,599,0,0
332760,Friendship Club,"Force Of Habit, Clockwork Cuckoo",Force Of Habit,,14,4,0,"0 .. 20,000",0,0,0,0,1199,1199,0,0
333130,Do Not Fall,XPEC Entertainment Inc.,XPEC Entertainment Inc.,,10,1,0,"0 .. 20,000",0,0,0,0,999,999,0,0
333390,Tales of Aravorn: Seasons Of The Wolf,Winter Wolves,Winter Wolves,,47,13,0,"0 .. 20,000",0,0,0,0,2499,2499,0,0
334960,Cell HD: emergence,"New Life Interactive, LLC","New Life Interactive, LLC",,6,8,0,"0 .. 20,000",0,0,0,0,599,599,0,0
334980,Into Blue Valley,Ryan Javanshir,Ryan Javanshir,,30,30,0,"0 .. 20,000",0,0,0,0,499,499,0,0
335770,Tkl Online,KURONEKO SOFT,KURONEKO SOFT,,15,8,0,"0 .. 20,000",0,0,0,0,799,799,0,0
338030,Mission Control: NanoMech,WisdomTools,WisdomTools,,3,8,0,"0 .. 20,000",0,0,0,0,899,899,0,0
338070,ルナティックドーン レジェンドパック,ARTDINK,Degica,,14,2,0,"0 .. 20,000",0,0,0,0,3499,3499,0,0
338090,ATLAS レジェンドパック,ARTDINK,Degica,,8,3,0,"0 .. 20,000",0,0,0,0,2499,2499,0,0
339530,Factions: Origins of Malu,Burning Dog Media,Burning Dog Media,,16,13,0,"0 .. 20,000",0,0,0,0,0,0,0,0
339540,Artizens,"Artizens, Inc.","Artizens, Inc.",,18,19,0,"0 .. 20,000",0,0,0,0,0,0,0,0
339690,Paperbound,Dissident Logic,Dissident Logic,,27,3,0,"0 .. 20,000",32,0,32,0,999,999,0,0
340410,SuperBike TT,Ghost Machine,Ghost Machine,,3,3,0,"0 .. 20,000",0,0,0,0,1299,1299,0,0
340480,Project Green Beat,SeattleEgg,Indie Game - None,,14,6,0,"0 .. 20,000",0,0,0,0,499,499,0,0
341960,DP Animation Maker,DesktopPaints LLC,DesktopPaints LLC,,30,9,0,"0 .. 20,000",0,0,0,0,6999,6999,0,0
343120,Motorbike,baKno Games,baKno Games,,39,21,0,"0 .. 20,000",0,0,0,0,999,999,0,0
343770,Rotieer,Enzo Whyte,Enzo Whyte,,5,9,0,"0 .. 20,000",0,0,0,0,299,299,0,0
345790,Bridge Creator 2015,,Zojoi,,10,10,0,"0 .. 20,000",0,0,0,0,0,0,0,0
346060,Disney High School Musical 3: Senior Year Dance,Page 44 Studios,Disney,,50,5,0,"0 .. 20,000",0,0,0,0,1999,1999,0,1
348180,Starship Traveller,Tin Man Games,Tin Man Games,,39,26,0,"0 .. 20,000",0,0,0,0,249,499,50,0
351170,Pixel: ru²,C63 Industries,C63 Industries,,15,4,0,"0 .. 20,000",940,0,940,0,999,999,0,0
284020,Freddi Fish and Luther's Maze Madness,Humongous Entertainment,"Humongous Entertainment, Nightdive Studios",,43,12,0,"0 .. 20,000",0,0,0,0,499,499,0,0
343320,StaudSoft's Synthetic World Beta,StaudSoft,StaudSoft,,15,10,0,"0 .. 20,000",0,0,0,0,999,999,0,0
347050,Vol'Talkes - The AI War,HyperDrive Games,HyperDrive Games,,0,3,0,"0 .. 20,000",0,0,0,0,2999,2999,0,0
348160,RUMP! - It's a Jump and Rump!,Dedication Labs,Dedication Labs,,40,4,0,"0 .. 20,000",0,0,0,0,999,999,0,0
349670,Solar System Conflict,UnexEvo,UnexEvo,,13,25,0,"0 .. 20,000",0,0,0,0,999,999,0,0
356770,Astronaut Simulator,Astrosimer,Astrosimer,,37,21,0,"0 .. 20,000",0,0,0,0,199,199,0,0
354770,Trigger Saint,Aaron Arcand,Undergroundies,,19,3,0,"0 .. 20,000",0,0,0,0,699,699,0,0
346150,Martial Law,DropDGames,DropDGames,,7,14,0,"0 .. 20,000",0,0,0,0,299,299,0,0
354180,Bunker - The Underground Game,Nightly Studios,2tainment GmbH,,43,26,0,"0 .. 20,000",190,0,190,0,399,399,0,0
356800,Choice of the Petal Throne,Choice of Games,Choice of Games,,9,10,0,"0 .. 20,000",0,0,0,0,399,399,0,0
328650,Knight of the Hamsters,Johnny Death Games,Red Fly Studio,,10,5,0,"0 .. 20,000",0,0,0,0,99,99,0,0
333580,"Slow Down, Bull",Insomniac Games,Insomniac Games,,14,2,0,"0 .. 20,000",0,0,0,0,199,199,0,0
355140,Traps N' Gemstones,Donut Games,Donut Games,,13,5,0,"0 .. 20,000",0,0,0,0,499,499,0,0
356170,Tile Rider,7 Soft Pillows,7 Soft Pillows,,11,4,0,"0 .. 20,000",0,0,0,0,399,399,0,0
361110,Prometheus - The Fire Thief,Magical Hackers,Magical Hackers,,4,2,0,"0 .. 20,000",0,0,0,0,499,499,0,0
364240,liquivid Video Improve 2,nullplussoftware,nullplussoftware,,37,15,0,"0 .. 20,000",0,0,0,0,0,0,0,0
352290,Rapture Session & Pro,Cakewalk,Cakewalk,,14,5,0,"0 .. 20,000",0,0,0,0,0,0,0,0
361430,The Little Crane That Could,Game Studio Abraham Stolk Inc.,Game Studio Abraham Stolk Inc.,,21,15,0,"0 .. 20,000",0,0,0,0,1199,1199,0,0
352640,The Indie Mixtape,"Daniel Linssen, Detective, Ditto, Glitchnap, Shark Jump Studios",CDP,,33,7,0,"0 .. 20,000",2,0,2,0,999,999,0,0
354600,Decisive Campaigns: Case Blue,VR Designs,Slitherine Ltd.,,39,4,0,"0 .. 20,000",3872,0,3872,0,3999,3999,0,1
365290,House of Nightmares B-Movie Edition,Morphodox Studios,Morphodox Studios,,1,1,0,"0 .. 20,000",0,0,0,0,99,99,0,0
365430,Everything is Black and White,Thomas Gwaltney,Thomas Gwaltney,,9,4,0,"0 .. 20,000",0,0,0,0,199,199,0,0
363070,Let's Explore the Jungle (Junior Field Trips),Humongous Entertainment,"Humongous Entertainment, Nightdive Studios",,22,2,0,"0 .. 20,000",0,0,0,0,699,699,0,0
349980,Gremlin Invasion: Survivor,"CS Squared Games, Among Giants",CS Squared Games,,1,1,0,"0 .. 20,000",0,0,0,0,99,99,0,0
367660,UfoPilot : Astro-Creeps Elite,nornware AB,nornware AB,,2,1,0,"0 .. 20,000",0,0,0,0,499,499,0,0
346340,Gran Vitreous,Heliocentric Studios,Heliocentric Studios,,23,7,0,"0 .. 20,000",0,0,0,0,499,499,0,1
350000,Exostorm,"Midnight Oil Games, LLC","Midnight Oil Games, LLC",,5,3,0,"0 .. 20,000",0,0,0,0,399,399,0,0
360680,Drone Zero Gravity,Isaac Nichols,Isaac Nichols,,7,1,0,"0 .. 20,000",0,0,0,0,999,999,0,0
356090,Machineers - Episode 1: Tivoli Town,Lohika Games,Lohika Games,,27,1,0,"0 .. 20,000",0,0,0,0,499,499,0,0
371400,Downpour,Modesto A. Rabena,Divergent Game Studio,,8,6,0,"0 .. 20,000",0,0,0,0,99,99,0,0
368880,Mystery Maze Of Balthasar Castle,"Caipirinha Games, DevQ1",Libredia,,7,6,0,"0 .. 20,000",0,0,0,0,499,499,0,0
369700,Tanzia,Arcanity Inc,Arcanity Inc,,55,4,0,"0 .. 20,000",0,0,0,0,1999,1999,0,0
357920,Final Strike,Ghost Machine,Ghost Machine,,14,24,0,"0 .. 20,000",0,0,0,0,999,999,0,0
371530,Legends of Pixelia,SimaGames,SimaGames,,25,1,0,"0 .. 20,000",0,0,0,0,499,499,0,0
370970,Unlimited Escape 3 & 4 Double Pack,Carlo D'Apostoli Projects,Strategy First,,1,3,0,"0 .. 20,000",0,0,0,0,699,699,0,0
331570,Wimp: Who Stole My Pants?,FlexileStudio,FlexileStudio,,33,9,0,"0 .. 20,000",121,0,121,0,399,399,0,0
366410,Ludoku,Ludomo Gamestudio,Ludomo Gamestudio,,19,2,0,"0 .. 20,000",0,0,0,0,499,499,0,0
339560,Man Alive,Global Empire Soft,Global Empire Soft,,5,16,0,"0 .. 20,000",0,0,0,0,499,499,0,0
371850,Football Mogul 2014,"Sports Mogul, Inc.","Sports Mogul, Inc.",,28,14,0,"0 .. 20,000",3,0,3,0,99,99,0,0
376130,Illuminascii,DDD Wares,DDD Wares,,24,19,0,"0 .. 20,000",0,0,0,0,1099,1099,0,0
375090,The Eigengrau Menagerie,Ozzie Sneddon,Librarium Studios,,12,4,0,"0 .. 20,000",0,0,0,0,299,299,0,0
335310,Eisenbahn X,"TREND, Softpro",Koch Media,,11,10,0,"0 .. 20,000",0,0,0,0,3999,3999,0,0
374450,Cheats 4 Hire,Travian Games GmbH,Travian Games GmbH,,18,5,0,"0 .. 20,000",0,0,0,0,499,499,0,0
300400,Unpossible,"Acceleroto, Inc.","Acceleroto, Inc.",,104,18,0,"0 .. 20,000",34,0,34,0,299,299,0,0
373820,Soccer Pinball Thrills,"Fancy Bytes, Reactor",United Independent Entertainment GmbH,,4,13,0,"0 .. 20,000",0,0,0,0,399,399,0,0
364840,N2O: Nitrous Oxide,Urbanscan,Console Classics,,26,6,0,"0 .. 20,000",0,0,0,0,499,499,0,0
367050,Vindicator: Uprising,GamePhase,GamePhase,,13,1,0,"0 .. 20,000",0,0,0,0,299,299,0,0
383190,SUMICO - The Numbers Game,Ludomotion,Ludomotion,,15,1,0,"0 .. 20,000",0,0,0,0,499,499,0,0
372590,Grand Designer,Ignishot,Ignishot,,56,5,0,"0 .. 20,000",0,0,0,0,6999,6999,0,0
384100,Slybots: Frantic Zone,"Team ERROR, Tiny Colossus",Mangatar Games,,30,7,0,"0 .. 20,000",0,0,0,0,699,699,0,0
380860,Barbara-ian,Owlbear,Owlbear,,22,5,0,"0 .. 20,000",0,0,0,0,599,599,0,0
388280,Snapshot - DSLR Camera Control,Chris Hopkin,Chris Hopkin,,5,2,0,"0 .. 20,000",0,0,0,0,299,299,0,0
346430,Spectrum: First Light,"Mido Basim, Danny Wei",Mido Basim,,3,4,0,"0 .. 20,000",0,0,0,0,999,999,0,0
384910,Last Half of Darkness - Society of the Serpent Moon,WRF Studios,WRF Studios,,21,6,0,"0 .. 20,000",0,0,0,0,499,499,0,0
387280,Inferno 2,Radiangames,Radiangames,,38,3,0,"0 .. 20,000",0,0,0,0,499,499,0,0
387430,The Viceroy,Goatee Games,Goatee Games,,22,9,0,"0 .. 20,000",0,0,0,0,1999,1999,0,0
387770,Professor Teaches PowerPoint 2013 & 365,Individual Software,Individual Software,,2,0,0,"0 .. 20,000",0,0,0,0,1499,1499,0,0
374120,Fork Truck Challenge,Mint Arcade Ltd.,Mint Arcade Ltd.,,4,8,0,"0 .. 20,000",0,0,0,0,799,799,0,0
321390,Zone 22,Nordic Legacy,Nordic Legacy,,1,11,0,"0 .. 20,000",0,0,0,0,799,799,0,0
333290,Mos Speedrun 2,Physmo,Physmo,,18,1,0,"0 .. 20,000",0,0,0,0,399,399,0,0
384920,ABD: A Beautiful Day,"Robert Bonner, Jack Hanley, Ben Rawles, Boris Blosse","Gag A Maggot Entertainment, LLC.",,11,36,0,"0 .. 20,000",0,0,0,0,2499,2499,0,0
393540,TNN Motorsports Hardcore TR,ASC Games,Console Classics,,3,2,0,"0 .. 20,000",0,0,0,0,499,499,0,0
393550,The Journey Back,Erwin Wolf,MarWin Studios,,20,8,0,"0 .. 20,000",0,0,0,0,299,299,0,0
337700,SCS deORBIT,Zero Dollarz,Zero Dollarz,,17,8,0,"0 .. 20,000",0,0,0,0,99,99,0,0
354810,Coated,"mamoniem, Owlnight",Owlnight,,2,5,0,"0 .. 20,000",0,0,0,0,499,499,0,0
394270,Country Tales,Cateia Games,Libredia Entertainment,,15,3,0,"0 .. 20,000",0,0,0,0,699,699,0,0
366050,Star Balls,Bolder Games,Bolder Games,,3,1,0,"0 .. 20,000",0,0,0,0,499,499,0,0
388720,Link: The Unleashed Nexus,Reminisce,Reminisce,,44,10,0,"0 .. 20,000",121,0,121,0,999,999,0,0
394390,Daydreamer: Awakened Edition,Roland Studios,ATLUS,,18,2,0,"0 .. 20,000",0,0,0,0,1099,1099,0,0
336220,ORBITOR,Evil Aliens,Evil Aliens,,21,11,0,"0 .. 20,000",0,0,0,0,1499,1499,0,0
377250,Subaeria,Studios iLLOGIKA,Studios iLLOGIKA,,17,3,0,"0 .. 20,000",0,0,0,0,1299,1299,0,0
357700,Rogue Continuum,Rocktastic Games,Rocktastic Games,,19,3,0,"0 .. 20,000",12,0,12,0,0,0,0,0
397200,Deliverance,TBDTS Games,TBDTS Games,,12,15,0,"0 .. 20,000",0,0,0,0,499,499,0,0
394840,Mars Colony: Frontier,HyperKat Games,HyperKat Games,,22,34,0,"0 .. 20,000",0,0,0,0,499,499,0,0
399180,Actua Golf 3,Urbanscan,Console Classics,,4,4,0,"0 .. 20,000",0,0,0,0,499,499,0,0
382270,Space Xonix,SRF Games,SRF Games,,15,2,0,"0 .. 20,000",0,0,0,0,99,99,0,0
340370,Shades of Black,MDNA Games,"Tri Synergy, Inc.",,15,1,0,"0 .. 20,000",0,0,0,0,1199,1199,0,0
374690,RigIT,RigIT,RigIT,,1,9,0,"0 .. 20,000",0,0,0,0,899,899,0,0
399900,Mad Snowboarding,Denis Lapiner,Denis Lapiner,,15,12,0,"0 .. 20,000",0,0,0,0,499,499,0,0
397240,Troubles Land,ENKSoft,ENKSoft,,8,6,0,"0 .. 20,000",0,0,0,0,499,499,0,0
397860,Carnivore Land,dwCrew,dwCrew,,17,2,0,"0 .. 20,000",0,0,0,0,799,799,0,0
337650,Soft Body,Zeke Virant,Zeke Virant,,35,4,0,"0 .. 20,000",0,0,0,0,499,499,0,0
395190,Reiner Knizia's The Confrontation,"Offworld Games, LLC","Offworld Games, LLC",,11,0,0,"0 .. 20,000",0,0,0,0,0,0,0,0
404460,Melter Man,Husky Swim Team,"RMM Studios, LLC",,15,1,0,"0 .. 20,000",0,0,0,0,199,199,0,0
366100,Champions Of Chaos 2,Epic LLama,Epic LLama,,13,1,0,"0 .. 20,000",0,0,0,0,199,199,0,0
403660,Omnipresent,Starkey Industries,Starkey Industries,,15,13,0,"0 .. 20,000",0,0,0,0,399,399,0,0
403230,ZombieZoid Zenith,Adhoc Games,Adhoc Games,,20,4,0,"0 .. 20,000",0,0,0,0,599,599,0,0
403840,Stacks TNT,Funcraft Games,Funcraft Games,,14,10,0,"0 .. 20,000",0,0,0,0,499,499,0,0
405240,Hairy Little Buggers,Michael Todd Games,Michael Todd Games,,18,9,0,"0 .. 20,000",0,0,0,0,1499,1499,0,0
344100,Never Ending Night,Dot Dream,Dot Dream,,13,5,0,"0 .. 20,000",0,0,0,0,99,99,0,0
402970,Fringes of the Empire,Lost Astronaut Studios,Self-Published,,1,0,0,"0 .. 20,000",0,0,0,0,99,99,0,0
395640,Velocity Stream,Cavelight Entertainment,Cavelight Entertainment,,7,3,0,"0 .. 20,000",0,0,0,0,0,0,0,0
399880,Amos From Outer Space,Poisson Rouge Interactica ltd,Poisson Rouge Interactica ltd,,7,1,0,"0 .. 20,000",0,0,0,0,299,299,0,0
403490,Lands of Hope Redemption,Regal Computer Services,Regal Computer Services,,7,3,0,"0 .. 20,000",0,0,0,0,0,0,0,0
302810,Divinia Chronicles: Relics of Gan-Ti,Team Monkey,Team Monkey,,34,5,0,"0 .. 20,000",0,0,0,0,1499,1499,0,0
406060,Professor Teaches PowerPoint 2016,Individual Software,Individual Software,,0,1,0,"0 .. 20,000",0,0,0,0,1499,1499,0,0
406030,Professor Teaches Word 2016,Individual Software,Individual Software,,1,2,0,"0 .. 20,000",0,0,0,0,1499,1499,0,0
352530,Poppy Kart,"Stephane Graziano, Franck Graziano, Mathieu Lamarche",Webrox,,7,4,0,"0 .. 20,000",0,0,0,0,499,499,0,0
403460,SkyScrappers,Ground Shatter,Ground Shatter,,11,12,0,"0 .. 20,000",0,0,0,0,999,999,0,0
367820,Decromancer,UNIT9,UNIT9,,10,3,0,"0 .. 20,000",0,0,0,0,999,999,0,0
372950,Professor Why Chemistry 1,Professor Why,Professor Why,,9,1,0,"0 .. 20,000",0,0,0,0,999,999,0,0
386390,Dad Beat Dads,Stellar Jay Studios,Stellar Jay Studios,,6,0,0,"0 .. 20,000",0,0,0,0,0,0,0,0
397020,Ironkraft - Road to Hell,Invoker Studios,Invoker Studios,,2,7,0,"0 .. 20,000",0,0,0,0,999,999,0,0
409130,Demigods,Realore,Qumaron,,14,11,0,"0 .. 20,000",0,0,0,0,399,399,0,0
391910,All Fall Down,khos85,khos85,,7,5,0,"0 .. 20,000",0,0,0,0,99,99,0,0
411530,Roads of Rome 3,Whiterra,Qumaron,,23,9,0,"0 .. 20,000",0,0,0,0,399,399,0,0
391190,Dolguth,Boiagames,20Tab,,3,0,0,"0 .. 20,000",0,0,0,0,599,599,0,0
378790,Kagura Douchuuki,DebonosuWorks Inc.,DebonosuWorks Inc.,,15,2,0,"0 .. 20,000",0,0,0,0,1399,1399,0,0
397440,Lost Legends: The Weeping Woman Collector's Edition,Gunnar Games,Gunnar Games,,57,16,0,"0 .. 20,000",0,0,0,0,799,799,0,0
409610,One Final Chaos,"Pusselbit, Sweet Studio Labs",A Sweet Studio,,11,0,0,"0 .. 20,000",0,0,0,0,499,499,0,0
325300,BEARZERKERS,Wildgrass,Wildgrass,,8,0,0,"0 .. 20,000",0,0,0,0,1299,1299,0,0
364700,Dawn of the Plow,"Dan FitzGerald, Trichotomy","Dan FitzGerald, Trichotomy",,8,1,0,"0 .. 20,000",0,0,0,0,399,399,0,0
406300,Lighthockey,Aries-Lenov,Aries-Lenov,,8,3,0,"0 .. 20,000",0,0,0,0,199,199,0,0
406780,Welcome to Boon Hill,Matthew Ritter,14 Hours Productions,,33,4,0,"0 .. 20,000",0,0,0,0,799,799,0,0
415390,Viking Saga: The Cursed Ring,Realore,Qumaron,,37,6,0,"0 .. 20,000",0,0,0,0,299,299,0,0
406280,DesertLand 2115,FutureVisionsGames,FutureVisionsGames,,30,44,0,"0 .. 20,000",0,0,0,0,0,0,0,0
341570,Throbax TD,Unterrainer Informatik OG,Unterrainer Informatik OG,,21,5,0,"0 .. 20,000",0,0,0,0,299,299,0,0
410470,Expander,All Civilized Planets,All Civilized Planets,,14,3,0,"0 .. 20,000",0,0,0,0,299,299,0,0
411070,Mass Vector,Moving Pixel Games,Moving Pixel Games,,3,2,0,"0 .. 20,000",0,0,0,0,599,599,0,0
338630,Wildlife Camp,b-alive gmbh,b-alive gmbh,,28,11,0,"0 .. 20,000",0,0,0,0,699,699,0,0
397960,Mystery Expedition: Prisoners of Ice,Lazy Turtle Games,Tri Synergy,,9,3,0,"0 .. 20,000",0,0,0,0,699,699,0,0
416220,The Light Empire,Jemy,Jemy,,1,10,0,"0 .. 20,000",0,0,0,0,599,599,0,0
404400,BADBLOOD,Winnie Song,WSONG LLC,,14,3,0,"0 .. 20,000",0,0,0,0,799,799,0,0
415980,Quatro Luzes,Jardel Elias,Jardel Elias,,7,3,0,"0 .. 20,000",242,0,242,0,599,599,0,0
376450,Last Days of Old Earth,Auroch Digital,Slitherine Ltd.,,33,22,0,"0 .. 20,000",0,0,0,0,2499,2499,0,0
419000,Relic Alone,"NTT Plala Inc., Roconilo Project",Zoo Corporation,,4,2,0,"0 .. 20,000",0,0,0,0,0,0,0,0
416160,Heresy,dark made games,dark made games,,1,2,0,"0 .. 20,000",0,0,0,0,1999,1999,0,0
414090,The Warden,"Matteo Cillario, Riccardo Runci, Niccolo' Passeri, Giulia Sorrentino",Black Mist Studios,,11,8,0,"0 .. 20,000",0,0,0,0,1199,1199,0,0
418290,Professor Teaches QuickBooks 2016,Individual Software,Individual Software,,1,1,0,"0 .. 20,000",0,0,0,0,0,0,0,0
421620,Dissonance: An Interactive Novelette,Philip Royer,Philip Royer,,4,4,0,"0 .. 20,000",0,0,0,0,99,99,0,0
349150,Dead TrailZ,"Galactic Bits, Inc","Galactic Bits, Inc",,13,1,0,"0 .. 20,000",0,0,0,0,399,399,0,0
369460,Professor Why: The Quantum Eye,Professor Why,Professor Why,,8,7,0,"0 .. 20,000",0,0,0,0,999,999,0,0
392600,Volvox,Neotenia,Neotenia,,25,1,0,"0 .. 20,000",0,0,0,0,999,999,0,0
423600,Adelantado Trilogy. Book one,Whiterra,Qumaron,,32,3,0,"0 .. 20,000",0,0,0,0,499,499,0,0
407100,Gulf of Aden - Task Force Somalia,BlewScreen,BlewScreen,,21,1,0,"0 .. 20,000",0,0,0,0,899,899,0,0
418170,MicroRC Simulation,Minindustries Game Factory,Minindustries Game Factory,,6,2,0,"0 .. 20,000",0,0,0,0,199,199,0,0
424210,SodaCity,Tochas Studios,Tochas Studios,,11,3,0,"0 .. 20,000",0,0,0,0,999,999,0,0
417540,Gamefuel Driver Control,Auslogics Software,Console Classics,,8,5,0,"0 .. 20,000",0,0,0,0,2999,2999,0,0
421110,AWAKE,Diios,Yeti Studio©,,14,26,0,"0 .. 20,000",0,0,0,0,0,0,0,0
419020,Wishmere,Crayder Studios,Crayder Studios,,19,6,0,"0 .. 20,000",0,0,0,0,1199,1199,0,0
428020,The ORPHEUS Ruse,Choice of Games,Choice of Games,,5,2,0,"0 .. 20,000",0,0,0,0,399,399,0,0
428240,Hauntsters,Shark Tree Studios,Shark Tree Studios,,2,0,0,"0 .. 20,000",1,0,1,0,499,499,0,0
429040,Furfly,SMD Gaming Studio,SMD Gaming Studio,,15,4,0,"0 .. 20,000",1,0,1,0,499,499,0,0
428040,Sixth Grade Detective,Choice of Games,Choice of Games,,30,2,0,"0 .. 20,000",0,0,0,0,399,399,0,0
365510,Flip,Perro Electrico,Perro Electrico,,21,1,0,"0 .. 20,000",0,0,0,0,0,0,0,0
378390,Production Inc.,Solo Instinct,Solo Instinct,,1,5,0,"0 .. 20,000",0,0,0,0,1999,1999,0,0
428130,Walk The Light,Anti Crunch Studios,Anti Crunch Studios,,4,0,0,"0 .. 20,000",0,0,0,0,499,499,0,0
378090,Rebel Wings,Butlerstyle Entertainment,Butlerstyle Entertainment,,13,4,0,"0 .. 20,000",0,0,0,0,499,499,0,0
428860,Red Haze,Yai Gameworks,Yai Gameworks,,137,21,0,"0 .. 20,000",0,0,0,0,399,399,0,0
420380,The Strike,Bass Pro Shops,Console Classics,,20,4,0,"0 .. 20,000",0,0,0,0,999,999,0,0
433130,WarBirds Dogfights,iEntertainment Network Inc,iEntertainment Network Inc,,4,7,0,"0 .. 20,000",0,0,0,0,1999,1999,0,0
434150,Dark Night,NighthoodGames,NighthoodGames,,19,37,0,"0 .. 20,000",0,0,0,0,199,199,0,0
425650,Halloween Forever,Imaginary Monsters,Poppy Works,,140,11,0,"0 .. 20,000",0,0,0,0,999,999,0,0
387130,"Zombie Hunter, Inc.",Maya Gameworks,Maya Gameworks,,12,5,0,"0 .. 20,000",0,0,0,0,999,999,0,0
434270,Parasite,Raphael Gervaise,Raphael Gervaise,,5,3,0,"0 .. 20,000",0,0,0,0,499,499,0,0
370560,Geek Resort,Shinypix,Shinypix,,6,6,0,"0 .. 20,000",0,0,0,0,499,499,0,0
427040,Pitstop Challenge,Laudo Games,KISS ltd,,4,22,0,"0 .. 20,000",0,0,0,0,999,999,0,0
416840,Color By,Team Polykroma,Polykroma Games,,4,1,0,"0 .. 20,000",0,0,0,0,999,999,0,0
370390,Path to the Sky,,Sometimes You,,46,12,0,"0 .. 20,000",0,0,0,0,999,999,0,0
424040,Fragmental,Ruffian Games,Ruffian Games,,22,4,0,"0 .. 20,000",0,0,0,0,499,499,0,0
432540,Devil Sealing Stone,WJLEGAME,WJLEGAME,,4,3,0,"0 .. 20,000",0,0,0,0,799,799,0,0
330500,planktOs,Blot Interactive,Blot Interactive,,8,2,0,"0 .. 20,000",0,0,0,0,499,499,0,0
434930,GiAnt,Wreck Tangle Games,Wreck Tangle Games,,10,15,0,"0 .. 20,000",0,0,0,0,0,0,0,0
351330,DROD RPG: Tendry's Tale,Caravel Games,Caravel Games,,32,6,0,"0 .. 20,000",0,0,0,0,599,599,0,0
328510,Monsters and Monocles,Retro Dreamer,Retro Dreamer,,80,21,0,"0 .. 20,000",0,0,0,0,1499,1499,0,0
322430,Bubonic: Outbreak,MouldyMattress,MouldyMattress,,2,6,0,"0 .. 20,000",0,0,0,0,99,99,0,0
438660,Jerry Rice & Nitus' Dog Football,JUDOBABY INC.,JUDOBABY INC.,,29,9,0,"0 .. 20,000",0,0,0,0,299,299,0,0
425760,EGO Protocol,Static Dreams,IQ Publishing,,9,4,0,"0 .. 20,000",0,0,0,0,199,199,0,0
437740,Inside: Before Birth,CydoniaGate,CydoniaGate,,17,22,0,"0 .. 20,000",0,0,0,0,399,399,0,0
357490,Astroloco: Worst Contact,Hungry Planet Games,Hungry Planet Games,,16,2,0,"0 .. 20,000",236,0,236,0,499,499,0,0
440280,Overpower,Hydrant Games,Hydrant Games,,36,8,0,"0 .. 20,000",0,0,0,0,899,899,0,0
441640,VALENS,Digitallion,Digitallion,,7,13,0,"0 .. 20,000",0,0,0,0,799,799,0,0
434240,Alien Blitz,Jean-Baptiste Simillon,Jean-Baptiste Simillon,,18,5,0,"0 .. 20,000",0,0,0,0,699,699,0,0
434970,That Dam Level redux,noiarc,noiarc,,2,1,0,"0 .. 20,000",0,0,0,0,899,899,0,0
296810,Jump Tanks,Mechanical Butterfly Studios,Mechanical Butterfly Studios,,4,1,0,"0 .. 20,000",0,0,0,0,0,0,0,0
427890,Felt Tip Circus,Alpha Wave Entertainment,AAD Productions,,20,6,0,"0 .. 20,000",0,0,0,0,799,799,0,0
415000,Learn Code: GTGD S3 How To Make A Game,GTGD,GTGD,,45,0,0,"0 .. 20,000",0,0,0,0,4999,4999,0,1
444950,Let's Eat! Seaside Cafe,Inu to Neko,"Zoo Corporation, Atlinks Corporation",,1,2,0,"0 .. 20,000",0,0,0,0,999,999,0,0
420170,Shrug Island - The Meeting,Tiny Red Camel,Tiny Red Camel,,15,3,0,"0 .. 20,000",0,0,0,0,999,999,0,0
425870,Gyrodisc Super League,Valiant Interactive,Valiant Interactive,,7,5,0,"0 .. 20,000",0,0,0,0,1299,1299,0,0
436240,Melancholy Republic,Cloud Runner Studios,None,,16,6,0,"0 .. 20,000",0,0,0,0,999,999,0,0
448230,AsteroidsHD,NewWorldCoders,NewWorldCoders,,12,16,0,"0 .. 20,000",0,0,0,0,99,99,0,0
333100,Demesne,"Demesnegame, Composer-Motorin Dmitry (Djinotan)",Demesnegame,,33,32,0,"0 .. 20,000",0,0,0,0,1799,1799,0,0
411750,Brick Inventions,BernhardM,BernhardM,,35,12,0,"0 .. 20,000",0,0,0,0,499,499,0,0
446510,Armed and Gelatinous,Three Flip Studios,Three Flip Studios,,5,0,0,"0 .. 20,000",0,0,0,0,0,0,0,0
449350,Backstreets of the Mind,SiBear Games,SiBear Games,,12,8,0,"0 .. 20,000",0,0,0,0,299,299,0,0
451200,Candlelight,Pixel Maverick Games,Pixel Maverick Games,,17,5,0,"0 .. 20,000",0,0,0,0,1499,1499,0,0
400650,eMedia Guitar Method,eMedia Music,eMedia Music,,4,2,0,"0 .. 20,000",0,0,0,0,4999,4999,0,0
451140,Drawn: Dark Flight Collector's Edition,Big Fish Studios,Big Fish Games,,22,9,0,"0 .. 20,000",0,0,0,0,999,999,0,0
451800,End Of The Mine,Skirmish Entertainment,Skirmish Entertainment,,7,6,0,"0 .. 20,000",0,0,0,0,99,99,0,0
435260,Planet Stronghold: Colonial Defense,Winter Wolves,Winter Wolves,,28,5,0,"0 .. 20,000",16,0,16,0,1999,1999,0,0
406690,Roses and Gems,Pirate-Rob,Pirate-Rob,,5,1,0,"0 .. 20,000",0,0,0,0,499,499,0,0
373470,A Wizard's Lizard: Soul Thief,Lost Decade Games,Lost Decade Games,,39,13,0,"0 .. 20,000",0,0,0,0,0,0,0,0
446430,Doctor Watson - Treasure Island,United Independent Entertainment GmbH,United Independent Entertainment GmbH,,0,5,0,"0 .. 20,000",0,0,0,0,799,799,0,0
260990,Odesi Music Composition,Mixed In Key,Mixed In Key,,40,22,0,"0 .. 20,000",0,0,0,0,4999,4999,0,0
394490,Buildanauts,TouchTilt Games,Octopus Tree,,15,45,0,"0 .. 20,000",0,0,0,0,1499,1499,0,0
431830,Drift Into Eternity,We Are Bots,We Are Bots,,30,7,0,"0 .. 20,000",0,0,0,0,1999,1999,0,0
454330,A Room Beyond,René Bühling,René Bühling,,18,5,0,"0 .. 20,000",0,0,0,0,799,799,0,0
455080,Awakening: The Redleaf Forest Collector's Edition,Boomzap Entertainment,Big Fish Games,,11,1,0,"0 .. 20,000",0,0,0,0,999,999,0,0
393820,At the Mountains of Madness,Team Clockworks,Team Clockworks,,22,37,0,"0 .. 20,000",0,0,0,0,1999,1999,0,0
444190,Princess Edge - Dragonstone,erobotan,erobotan,,22,6,0,"0 .. 20,000",0,0,0,0,799,799,0,0
453350,Vaccine War,Games For Tutti,Games For Tutti,,21,8,0,"0 .. 20,000",0,0,0,0,799,799,0,0
451870,Nighttime Terror VR: Dessert Defender,Mark Schramm,Mark Schramm,,10,6,0,"0 .. 20,000",0,0,0,0,499,499,0,0
414810,Observatory: A VR Variety Pack,2DArray,2DArray,,8,1,0,"0 .. 20,000",0,0,0,0,999,999,0,0
451210,Rocket Shooter,VLLADGET,VLLADGET,,2,3,0,"0 .. 20,000",0,0,0,0,699,699,0,0
433700,Carpe Lucem - Seize The Light VR,Hammer Labs,Application Systems Heidelberg,,41,5,0,"0 .. 20,000",0,0,0,0,1499,1499,0,0
458290,Space Bit Attack,"Lucid Sight, Inc.","Lucid Sight, Inc.",,9,5,0,"0 .. 20,000",0,0,0,0,499,499,0,0
449180,Meld,Axis Games,Axis Games,,28,1,0,"0 .. 20,000",0,0,0,0,499,499,0,0
455720,Dolphin Defense,,Andy Jurko,,3,3,0,"0 .. 20,000",0,0,0,0,0,0,0,0
457870,Minigame Party VR,Scornz,Scornz,,4,2,0,"0 .. 20,000",0,0,0,0,99,99,0,0
453650,Marble Void,Leveled Games,Leveled Games,,18,3,0,"0 .. 20,000",0,0,0,0,499,499,0,0
458370,VR Baseball,Rank17,Rank17,,23,7,0,"0 .. 20,000",0,0,0,0,898,898,0,0
446070,ecotone,Sundae Factory,Sundae Factory,,22,3,0,"0 .. 20,000",0,0,0,0,899,899,0,0
448880,Spells 'n' Stuff,Sour Soup Games,Sour Soup Games,,7,4,0,"0 .. 20,000",0,0,0,0,999,999,0,0
459260,Bowslinger,Pompaduo,Pompaduo,,18,14,0,"0 .. 20,000",0,0,0,0,499,499,0,0
456420,Gunslinger Trainer,Marcus Nichols,HyperPub,,1,6,0,"0 .. 20,000",0,0,0,0,399,399,0,0
450740,Mind Unleashed,Frost Earth Studio,IV Productions,,20,14,0,"0 .. 20,000",0,0,0,0,299,299,0,0
454170,XorceD - Sashiro's Laedrum,Xorcerox,Xorcerox,,17,0,0,"0 .. 20,000",0,0,0,0,1299,1299,0,0
405530,Veer,Some-Fish,Some-Fish,,36,2,0,"0 .. 20,000",0,0,0,0,499,499,0,0
461400,Massive,Rootify,Rootify,,71,34,0,"0 .. 20,000",0,0,0,0,1999,1999,0,0
448820,Planet in the Shadows,Sergey Bobrov,Sergey Bobrov,,18,9,0,"0 .. 20,000",0,0,0,0,399,399,0,0
425310,Ghostbusters,FireForge Games,Activision,,20,23,0,"0 .. 20,000",0,0,0,0,0,0,0,0
457660,Andromedum,Imbanova Entertainment Inc.,Imbanova Entertainment Inc.,,11,5,0,"0 .. 20,000",0,0,0,0,199,199,0,0
463010,One Way Flight,SiBear Games,SiBear Games,,5,6,0,"0 .. 20,000",0,0,0,0,299,299,0,0
458230,Infinite Shooter,Minion Productions Inc.,Minion Productions Inc.,,3,1,0,"0 .. 20,000",1,0,1,0,199,199,0,0
463450,Bipolar Game,Jason Free,Jason Free,,5,0,0,"0 .. 20,000",1,0,1,0,999,999,0,0
415010,The Other 99,Burning Arrow,Burning Arrow,,42,50,0,"0 .. 20,000",0,0,0,0,0,0,0,0
464630,Secret Of The Royal Throne,Apar Games,Libredia,,2,15,0,"0 .. 20,000",0,0,0,0,699,699,0,0
445430,Seinarukana -The Spirit of Eternity Sword 2-,Xuse,JAST USA,,21,3,0,"0 .. 20,000",0,0,0,0,2999,2999,0,0
459580,LightWalk,Timeless Games,Timeless Games,,12,0,0,"0 .. 20,000",0,0,0,0,499,499,0,0
441850,ScriptVOX Studio,Screaming Bee,Screaming Bee,,0,1,0,"0 .. 20,000",0,0,0,0,2999,2999,0,0
448650,GEO Master,Anthony KOZAK,exoa,,23,8,0,"0 .. 20,000",0,0,0,0,299,299,0,0
394950,Mystery Castle,Runestone Games Limited,Runestone Games Limited,,17,0,0,"0 .. 20,000",0,0,0,0,999,999,0,0
387820,Build a Game Universe,"Walker Boys Studio, Inc.","Walker Boys Studio, Inc.",,0,0,0,"0 .. 20,000",0,0,0,0,0,0,0,0
392150,#SkiJump,VRUnicorns,Bandello,,6,2,0,"0 .. 20,000",0,0,0,0,999,999,0,0
435750,CyberLink ColorDirector 4,CyberLink,"Koch Media , CyberLink",,1,0,0,"0 .. 20,000",0,0,0,0,0,0,0,0
438650,Gravity Compass,NovaWake Studios,NovaWake Studios,,9,9,0,"0 .. 20,000",0,0,0,0,299,299,0,0
450600,Safety Driving Simulator: Motorbike,United Independent Entertainment GmbH,United Independent Entertainment GmbH,,10,17,0,"0 .. 20,000",0,0,0,0,499,499,0,0
452940,Theory Test UK 2016/17 - Driving Test Success,Imagitech,Focus Multimedia,,34,0,0,"0 .. 20,000",0,0,0,0,1299,1299,0,0
452950,Hazard Perception Test UK 2016/17 Bundle - Driving Test Success,Imagitech,Focus Multimedia,,4,5,0,"0 .. 20,000",0,0,0,0,1999,1999,0,0
459520,Kinacoustic,Maithonis Studios,Maithonis Studios,,17,1,0,"0 .. 20,000",0,0,0,0,999,999,0,0
459870,VIRTUAnimator,Pheonise,Pheonise,,3,3,0,"0 .. 20,000",0,0,0,0,999,999,0,0
461580,Galaxy Cannon Rider,Coolegion Studios,Strategy First,,8,5,0,"0 .. 20,000",0,0,0,0,999,999,0,0
463120,MOP Operation Cleanup,EnsenaSoft,EnsenaSoft,,0,2,0,"0 .. 20,000",0,0,0,0,299,299,0,0
465510,Sinful Eden,Dualhaze,Dualhaze,,14,21,0,"0 .. 20,000",0,0,0,0,699,699,0,0
467350,Leveron Space,"Hunter Games Australia, Hunter Games Studio China",Hunter Software Pty Ltd Australia,,3,10,0,"0 .. 20,000",0,0,0,0,99,99,0,0
473840,Diib's Dilemma,Random Thoughts Enterainment,Random Thoughts Enterainment,,22,4,0,"0 .. 20,000",0,0,0,0,199,199,0,0
423220,T-Kara Puzzles,Mexond,Mexond,,20,2,0,"0 .. 20,000",0,0,0,0,499,499,0,0
470140,Funklift,Mostly Harmless Games,Mostly Harmless Games,,7,7,0,"0 .. 20,000",0,0,0,0,499,499,0,0
475050,bloxyz,Svution,Svution,,5,4,0,"0 .. 20,000",0,0,0,0,199,199,0,0
465990,Hidden Expedition: The Crown of Solomon Collector's Edition,Eipix Entertainment,Big Fish Games,,7,3,0,"0 .. 20,000",0,0,0,0,999,999,0,0
471270,Leave The Nest,Kaio Interactive,Kaio Interactive,,9,3,0,"0 .. 20,000",0,0,0,0,299,299,0,0
468130,Nebula,Szekretar,Szekretar,,4,0,0,"0 .. 20,000",0,0,0,0,499,499,0,0
477910,Wanderer of Teandria,Silentplaygames,Silentplaygames,,11,0,0,"0 .. 20,000",0,0,0,0,499,499,0,0
376240,Hadean Lands,Zarfhome Software,Zarfhome Software,,32,1,0,"0 .. 20,000",0,0,0,0,1199,1199,0,0
470030,Just Bones,Elephant Games,Elephant Games,,18,7,0,"0 .. 20,000",0,0,0,0,0,0,0,0
465920,Echoes of the Past: The Revenge of the Witch Collector's Edition,Orneon,Big Fish Games,,4,1,0,"0 .. 20,000",0,0,0,0,699,699,0,0
449330,Grid Masters,"Angry Hangar Games, LLC","Angry Hangar Games, LLC",,6,4,0,"0 .. 20,000",0,0,0,0,699,699,0,0
465900,Dark Tales: Edgar Allan Poe's The Gold Bug Collector's Edition,AMAX Interactive,Big Fish Games,,14,2,0,"0 .. 20,000",0,0,0,0,999,999,0,0
478020,Old School 8-in-1 bundle,"Zoom2Games, Melesta, Alawar Southpoint",Buka Entertainment,,2,0,0,"0 .. 20,000",0,0,0,0,799,799,0,0
479110,Hunter's Legacy,Lienzo,Lienzo,,30,12,0,"0 .. 20,000",0,0,0,0,699,699,0,0
450570,Roadworks Simulator,United Independent Entertainment GmbH,United Independent Entertainment GmbH,,6,14,0,"0 .. 20,000",0,0,0,0,499,499,0,0
475620,MOAI 4: Terra Incognita Collector’s Edition,Toyman Interactive,Buka Entertainment,,21,2,0,"0 .. 20,000",0,0,0,0,799,799,0,0
488150,Octoshield VR,Liana Pigeot,Liana Pigeot,,20,9,0,"0 .. 20,000",0,0,0,0,599,599,0,0
486640,Cheaters Blackjack 21,BlackOpzFX,BlackOpzFX Labs,,10,13,0,"0 .. 20,000",0,0,0,0,399,399,0,0
489400,The Last Look,ChaosCore UG,ChaosCore UG,,15,6,0,"0 .. 20,000",0,0,0,0,0,0,0,0
485880,L U N E,Isaac Cohen,Isaac Cohen,,48,3,0,"0 .. 20,000",0,0,0,0,299,299,0,0
465890,Dark Parables: The Final Cinderella Collector's Edition,Blue Tea Games,Big Fish Games,,13,0,0,"0 .. 20,000",0,0,0,0,999,999,0,0
467790,Crongdor the Barbarian,Anton Gerdelan,Ripped Wizards,,2,1,0,"0 .. 20,000",226,0,226,0,499,499,0,0
471640,.EXE,"Two Man Army Games, L.L.C","Two Man Army Games, L.L.C",,7,2,0,"0 .. 20,000",0,0,0,0,0,0,0,0
492160,3D Pool,Z-Software GmbH,familyplay,,13,19,0,"0 .. 20,000",0,0,0,0,99,99,0,0
479180,Space Universe,Universe,Universe,,2,26,0,"0 .. 20,000",0,0,0,0,1499,1499,0,0
443890,BUCK: Saturday Morning Cartoon Apocalypse,Wave Interactive,Wave Interactive,,49,8,0,"0 .. 20,000",0,0,0,0,0,0,0,0
491710,Gun Range VR,Jeffrey Cretin,Limited Resources,,3,11,0,"0 .. 20,000",0,0,0,0,99,99,0,0
471730,Rocket Ski Racing,nocanwin,nocanwin,,16,7,0,"0 .. 20,000",0,0,0,0,299,299,0,0
488070,Escargot Kart,Caps Lock Solutions,Caps Lock Solutions,,7,6,0,"0 .. 20,000",0,0,0,0,0,0,0,0
437380,Vanquish: The Adventures of Lady Exton,Runestone Studios,Tasaa Software Services Pvt. Ltd.,,8,6,0,"0 .. 20,000",0,0,0,0,999,999,0,0
485290,Vermillion Watch: Moorgate Accord Collector's Edition,Eipix Entertainment,Big Fish Games,,13,0,0,"0 .. 20,000",0,0,0,0,999,999,0,0
493380,ChessVR,games.Sharbit,games.Sharbit,,11,4,0,"0 .. 20,000",0,0,0,0,499,499,0,0
364980,Bunker Constructor,Tindalos Interactive,Carbon Fiber Games,,12,10,0,"0 .. 20,000",174,0,174,0,499,499,0,0
472770,HELP: THE GAME,"Sports Interactive, Creative Assembly, Rovio Sweden AB, Torn Banner, Team 17, Sumo Digital, Bossa, Curve Digital, Hardlight, Spilt Milk Studios Ltd, Modern Dream",War Child Gaming,,9,0,0,"0 .. 20,000",0,0,0,0,1499,1499,0,0
494240,Pengame,Rogue Relay,,,0,0,0,"0 .. 20,000",0,0,0,0,0,0,0,0
488360,Vistascapes VR,Bird Man Games,Bird Man Games,,17,18,0,"0 .. 20,000",0,0,0,0,0,0,0,0
495390,The Wire Loop Game VR,MobileFusion Apps Ltd,MobileFusion Apps Ltd,,5,3,0,"0 .. 20,000",0,0,0,0,499,499,0,0
495900,Lance A Lot: Classic Edition,Brimstone,Brimstone,,51,8,0,"0 .. 20,000",55,0,55,0,499,499,0,0
416120,InterSection,Narayana Walters,Narayana Walters,,6,2,0,"0 .. 20,000",0,0,0,0,899,899,0,0
471160,Moonshot Galaxy,Liftoff Labs,Big Fish Games,,17,10,0,"0 .. 20,000",69,0,69,0,499,499,0,0
498980,DUO,NiVision,NiVision,,23,9,0,"0 .. 20,000",0,0,0,0,899,899,0,0
493670,Valkyrius Prime,Iridescent Games,Iridescent Games,,11,0,0,"0 .. 20,000",0,0,0,0,799,799,0,0
261900,The Real Texas,Kitty Lambda Games Inc.,Kitty Lambda Games Inc.,,28,2,0,"0 .. 20,000",0,0,0,0,1499,1499,0,0
486490,Witan,Imigea Ltd,gamevial,,13,7,0,"0 .. 20,000",0,0,0,0,0,0,0,0
470890,WarFire,D&amp;K Games Studio,D&amp;K Games Studio,,0,7,0,"0 .. 20,000",0,0,0,0,1599,1599,0,0
473720,Mutant Mudds Super Challenge,Renegade Kid LLC,Nighthawk Interactive LLC,,13,1,0,"0 .. 20,000",0,0,0,0,999,999,0,0
495540,Dashy Square VR,Kastriot Sulejmani,Kastriot Sulejmani,,0,5,0,"0 .. 20,000",0,0,0,0,199,199,0,0
496160,Return Zero VR,Ground Control Studios,Ground Control Studios,,0,1,0,"0 .. 20,000",0,0,0,0,599,599,0,0
288420,Deckadance 2,Stanton DJ,Stanton DJ,,7,4,0,"0 .. 20,000",0,0,0,0,4999,4999,0,0
500140,Wildlife VR,Rocket Science Club,Rocket Science Club,,2,3,0,"0 .. 20,000",0,0,0,0,299,299,0,0
498940,"WarBirds Dawn of Aces, World War I Air Combat",iEntertainment Network Inc,iEntertainment Network Inc,,6,5,0,"0 .. 20,000",0,0,0,0,1499,1499,0,0
500470,Emergence ᵠ,17th Dimension,TwoKey Studios,,36,3,0,"0 .. 20,000",0,0,0,0,999,999,0,0
503140,Dungeon Punks,Hyper Awesome Entertainment,Artix Entertainment,,16,4,0,"0 .. 20,000",0,0,0,0,1499,1499,0,0
486020,Hero,Bakershah Games,Bakershah Games,,2,4,0,"0 .. 20,000",0,0,0,0,299,299,0,0
495300,TrumPiñata,KittyPup Productions,JH Dinsdale LTD,,13,11,0,"0 .. 20,000",0,0,0,0,99,99,0,0
501440,Stars,MatrixStudio,MatrixStudio,,11,6,0,"0 .. 20,000",0,0,0,0,1499,1499,0,0
330880,Redemption,"Move Games Co., Ltd.","Move Games Co., Ltd.",,12,7,0,"0 .. 20,000",0,0,0,0,1499,1499,0,0
442760,Endless Burst,Neon Squid Games,Neon Squid Games,,1,3,0,"0 .. 20,000",0,0,0,0,499,499,0,0
489160,VR Shooter Guns,Cykyria,Cykyria,,18,6,0,"0 .. 20,000",0,0,0,0,499,499,0,0
496510,M.EXE,Pedro Zea,Pedro Zea,,24,9,0,"0 .. 20,000",0,0,0,0,0,0,0,0
497000,Cross Death  VR,"杭州虚弥科技有限公司, Virtual View","杭州虚弥科技有限公司, Virtual View",,5,4,0,"0 .. 20,000",0,0,0,0,999,999,0,0
504850,Castle Invasion: Throne Out,Cat Trap Studios,Cat Trap Studios,,11,3,0,"0 .. 20,000",0,0,0,0,499,499,0,0
492560,Malkia,Sports Interactive,War Child Gaming,,2,0,0,"0 .. 20,000",0,0,0,0,1499,1499,0,0
229560,Hacker Evolution IMMERSION,exosyphen studios,exosyphen studios,,20,17,0,"0 .. 20,000",0,0,0,0,1999,1999,0,0
493410,Steampuff: Phinnegan's Factory,Mister Anderson,Steelehouse,,19,5,0,"0 .. 20,000",0,0,0,0,499,499,0,0
494000,Anthelion,Rovio Sweden AB,War Child Gaming,,4,3,0,"0 .. 20,000",0,0,0,0,1499,1499,0,0
494970,Savana,Modern Dream Ltd,War Child Gaming,,4,2,0,"0 .. 20,000",0,0,0,0,1499,1499,0,0
495770,Free Balling,Skunk Software,Skunk Software,,0,1,0,"0 .. 20,000",0,0,0,0,0,0,0,0
497380,Rise,Creative Assembly,War Child Gaming,,0,0,0,"0 .. 20,000",0,0,0,0,1499,1499,0,0
500760,Kuraburo Kai,syuuyuusya,syuuyuusya,,3,4,0,"0 .. 20,000",0,0,0,0,499,499,0,0
506780,Think Space,"Funly, LLC","Funly, LLC",,14,3,0,"0 .. 20,000",0,0,0,0,699,699,0,0
507270,Lily´s Epic Quest,Studio Craft Development,Libredia,,11,6,0,"0 .. 20,000",0,0,0,0,699,699,0,0
431360,The Legend: A University Story,Austin Handle,Howling Legend Studios,,10,7,0,"0 .. 20,000",0,0,0,0,0,0,0,0
462520,Super Kaiju,Directive Games Limited,Directive Games Limited,,25,3,0,"0 .. 20,000",52,0,52,0,1999,1999,0,0
498280,Jurassic Survival,Technical Entertainment,Technical Entertainment,,10,31,0,"0 .. 20,000",0,0,0,0,899,899,0,0
497480,GravPool,TinyCrease,TinyCrease,,1,0,0,"0 .. 20,000",0,0,0,0,399,399,0,0
497880,Doodle WHAT?!,Binx.tv,Binx.tv,,7,8,0,"0 .. 20,000",0,0,0,0,999,999,0,0
504420,Malazard: Magic Defense,Invictus Games Ltd.,Invictus Games Ltd.,,21,5,0,"0 .. 20,000",0,0,0,0,199,199,0,0
509440,God Simulator,Mateusz Kulis,Mateusz Kulis,,3,13,0,"0 .. 20,000",0,0,0,0,299,299,0,0
510080,Worldy Cup,Tommosaur,Tommosaur,,13,6,0,"0 .. 20,000",0,0,0,0,499,499,0,0
494170,Miniature Garden,Muzintou,Fruitbat Factory,,54,13,0,"0 .. 20,000",197,0,197,0,1999,1999,0,0
496230,Watching Grass Grow In VR - The Game,Pillow Head Games,EVR,,6,4,0,"0 .. 20,000",0,0,0,0,499,499,0,0
511010,TAIKER,Team 4U,Team 4U,,23,13,0,"0 .. 20,000",0,0,0,0,499,499,0,0
511600,Space Jones VR,VikingVRStudio,VikingVRStudio,,16,7,0,"0 .. 20,000",0,0,0,0,499,499,0,0
497160,Voice Again,Screaming Bee,Screaming Bee,,1,0,0,"0 .. 20,000",0,0,0,0,1999,1999,0,0
504700,Blockships,Dr Davient,Dr Davient,,27,1,0,"0 .. 20,000",0,0,0,0,699,699,0,0
506470,Quip Anomaly,mentics,mentics,,10,2,0,"0 .. 20,000",0,0,0,0,199,199,0,0
386100,Pylon: Rogue,QuantumSquid Interactive,QuantumSquid Interactive,,16,7,0,"0 .. 20,000",0,0,0,0,1499,1499,0,0
513140,OCCHIO,Preston Cammarata,Like A Boss LLC,,7,2,0,"0 .. 20,000",0,0,0,0,0,0,0,0
503010,Azulgar: Star Commanders,SZEINER,SZEINER,,57,40,0,"0 .. 20,000",0,0,0,0,1999,1999,0,0
466280,Super Cube Smash,Lewis Fitzjohn,Lewis Fitzjohn,,8,3,0,"0 .. 20,000",0,0,0,0,600,600,0,0
510780,SkyBoats,BrainGoodGames,BrainGoodGames,,17,6,0,"0 .. 20,000",214,0,214,0,799,799,0,0
516650,Preston Sterling,Animation Arts Creative GmbH,Animation Arts Creative GmbH,,12,10,0,"0 .. 20,000",0,0,0,0,299,299,0,0
433480,Rayon Riddles - Rise of the Goblin King,Lost The Game Studios,bitComposer Interactive GmbH,,12,0,0,"0 .. 20,000",0,0,0,0,1199,1199,0,0
489740,Playthings: VR Music Vacation,Always &amp; Forever Computer Entertainment,Always &amp; Forever Computer Entertainment,,11,3,0,"0 .. 20,000",0,0,0,0,99,99,0,0
496940,Second Death,Evan Wagstaff,Evan Wagstaff,,3,0,0,"0 .. 20,000",0,0,0,0,299,299,0,0
515900,ROCK,Ragnar,Ragnar,,4,7,0,"0 .. 20,000",0,0,0,0,299,299,0,0
513240,Birdtual Reality,Artificient Games Inc.,Artificient Games Inc.,,3,4,0,"0 .. 20,000",0,0,0,0,599,599,0,0
477900,Lord of Dwarves,Stellar Sage Games,Stellar Sage Games,,53,11,0,"0 .. 20,000",0,0,0,0,1999,1999,0,1
514750,Nightmare Adventures: The Witch's Prison,Ghost Ship Studios,Big Fish Games,,13,2,0,"0 .. 20,000",0,0,0,0,699,699,0,0
516460,50 Years,Jinsimer Games,Jinsimer Games,,1,1,0,"0 .. 20,000",0,0,0,0,599,599,0,0
519180,Streamer Simulator,,Dogenzaka Lab,,6,35,0,"0 .. 20,000",0,0,0,0,99,99,0,0
502810,Tank Hero VR,Edougame,Edougame,,11,8,0,"0 .. 20,000",0,0,0,0,299,299,0,0
511820,Le Havre: The Inland Port,DIGIDICED,Asmodee Digital,,22,21,0,"0 .. 20,000",91,0,91,0,699,699,0,0
516450,Glory by Example,Quote Studios,Quote Studios,,8,0,0,"0 .. 20,000",0,0,0,0,0,0,0,0
519550,SPACE DVRTS,Laser Fuel Games,Laser Fuel Games,,0,1,0,"0 .. 20,000",0,0,0,0,199,199,0,0
512830,Zombie Trigger,Xuebao Games,Xuebao Games,,3,5,0,"0 .. 20,000",0,0,0,0,299,299,0,0
520150,A Midsummer Night's Choice,Choice of Games,Choice of Games,,19,4,0,"0 .. 20,000",0,0,0,0,499,499,0,0
520290,Fright Light,Chris Antoni,Chris Antoni,,31,10,0,"0 .. 20,000",0,0,0,0,99,99,0,0
503690,Starship Disco,"Solus Games, Inc.","Solus Games, Inc.",,5,1,0,"0 .. 20,000",0,0,0,0,999,999,0,0
516810,The Garden,Pug &amp; Dragon,Pug &amp; Dragon,,3,0,0,"0 .. 20,000",0,0,0,0,99,99,0,0
470170,Evangeline,Raconteur Games,Raconteur Games,,10,13,0,"0 .. 20,000",0,0,0,0,799,799,0,0
522990,Spell Casting: Meowgically Enhanced Edition,Gordon Little,Gordon Little,,17,2,0,"0 .. 20,000",0,0,0,0,499,499,0,0
510040,A Matter of Murder,Worthing &amp; Moncrieff,Worthing &amp; Moncrieff,,30,1,0,"0 .. 20,000",0,0,0,0,499,499,0,0
510130,Power Link VR,Himi Games,Newsight games,,21,2,0,"0 .. 20,000",0,0,0,0,0,0,0,0
512090,Tank Defense Division,"Caleb Hooper, Christian Hooper",Red Tree Studios,,3,3,0,"0 .. 20,000",0,0,0,0,999,999,0,0
515060,Third Eye,Vanishing Point Game Studios,Vanishing Point Game Studios,,8,4,0,"0 .. 20,000",0,0,0,0,1599,1599,0,0
517020,Virtual Warfighter,MDA Digital,MDA Digital,,44,26,0,"0 .. 20,000",0,0,0,0,0,0,0,0
497710,Holobunnies: Pause Cafe,q-bit Games,Nkidu Games Inc.,,11,9,0,"0 .. 20,000",0,0,0,0,499,499,0,0
499370,Tower of Archeos,Benjamin Soulé,Benjamin Soulé,,33,3,0,"0 .. 20,000",557,0,557,0,1299,1299,0,0
523050,Artstage,Soy-software,Soy-software,,12,0,0,"0 .. 20,000",0,0,0,0,1999,1999,0,0
522000,Blind Blades,Heavy Key Studios,Heavy Key Studios,,5,1,0,"0 .. 20,000",0,0,0,0,499,499,0,0
504010,Chernobyl VR Project,The Farm 51 Group SA,The Farm 51 Group SA,,32,16,0,"0 .. 20,000",0,0,0,0,999,999,0,0
523080,Footbrawl Playground,Kevin Suckert,Kevin suckert,,22,21,0,"0 .. 20,000",16,0,16,0,599,599,0,0
517340,Tank Tread,INT2000,INT2000,,2,3,0,"0 .. 20,000",0,0,0,0,999,999,0,0
451950,EEP Train Simulator Mission,Trend Redaktions- und Verlagsgesellschaft mbH,Trend Redaktions- und Verlagsgesellschaft mbH,,3,11,0,"0 .. 20,000",0,0,0,0,1999,1999,0,0
510910,Temple of the Apsara,Attraction Studios,Attraction Studios,,37,12,0,"0 .. 20,000",0,0,0,0,199,199,0,0
512610,Gochi-Show! for Girls -How To Learn Japanese Cooking Game-,Creative Freaks Inc.,Creative Freaks Inc.,,9,4,0,"0 .. 20,000",0,0,0,0,0,0,0,0
523760,Loot or Die,Chris Antoni,Chris Antoni,,27,7,0,"0 .. 20,000",0,0,0,0,99,99,0,0
525590,Brawlderdash,tso,tso,,0,2,0,"0 .. 20,000",0,0,0,0,199,199,0,0
517460,SteamHammerVR - The Rogue Apprentice,GamestormVR,Showstorm Ltd,,21,14,0,"0 .. 20,000",0,0,0,0,1499,1499,0,0
527580,PITCH-HIT ARCADE,Viewer Ready,Viewer Ready,,17,4,0,"0 .. 20,000",0,0,0,0,999,999,0,0
517860,Fly to KUMA MAKER,"COLOPL, Inc.","COLOPL, Inc.",,8,0,0,"0 .. 20,000",0,0,0,0,0,0,0,0
522610,Lord of the Seal,N-Soft,N-soft,,9,4,0,"0 .. 20,000",0,0,0,0,799,799,0,0
523090,Bomb U!,MNGOVR,PITAYA NETWORK LIMITED,,47,7,0,"0 .. 20,000",0,0,0,0,599,599,0,0
513680,Maximum Archery The Game,Max Apps LLC,Max Apps LLC,,5,5,0,"0 .. 20,000",0,0,0,0,0,0,0,0
525500,Candy Kingdom VR,Gameplay Studio VR,Gameplay Studio VR,,32,8,0,"0 .. 20,000",0,0,0,0,599,599,0,0
528010,Eternal Return,Pathless Games,Pathless Games,,20,14,0,"0 .. 20,000",0,0,0,0,499,499,0,0
529260,Robot Incursion,MobileFusion Apps Ltd,MobileFusion Apps Ltd,,1,1,0,"0 .. 20,000",0,0,0,0,999,999,0,0
468160,Ancient Go,Hart Laboratories LLC,Hart Laboratories LLC,,61,33,0,"0 .. 20,000",0,0,0,0,499,499,0,0
458360,eMedia Piano and Keyboard Method,eMedia Music,eMedia Music,,24,0,0,"0 .. 20,000",0,0,0,0,4999,4999,0,3
341290,Lazors,Pyrosphere,Pyrosphere,,20,2,0,"0 .. 20,000",0,0,0,0,499,499,0,0
429480,Vision Runner,Snowbit Interactive,Snowbit Interactive,,4,5,0,"0 .. 20,000",0,0,0,0,999,999,0,0
492400,Thunder Gun: Revenge of the Mutants,Potato Interactive,Potato Interactive,,4,1,0,"0 .. 20,000",0,0,0,0,999,999,0,0
520300,Underworld Dungeon,"InfernoSoul, Fromjaf Games",Fromjaf Games,,5,1,0,"0 .. 20,000",0,0,0,0,399,399,0,0
524560,Samurai of Hyuga Book 2,Hosted Games,Hosted Games,,34,5,0,"0 .. 20,000",0,0,0,0,599,599,0,0
529820,Beyond Power VR,Unparalleled Games,Unparalleled Games,,7,6,0,"0 .. 20,000",0,0,0,0,199,199,0,0
530930,Soulblight,My Next Games,Movie Games S.A.,,45,42,0,"0 .. 20,000",0,0,0,0,1499,1499,0,0
514400,Legends of Time,AstroBear Games,AstroBear Games,,15,8,0,"0 .. 20,000",0,0,0,0,499,499,0,0
527250,VilleTown,Laugical Games,Laugical Games,,13,2,0,"0 .. 20,000",0,0,0,0,499,499,0,0
410000,Chalo Chalo,"Redshift Media, Sparpweed","Redshift Media, Sparpweed",,15,3,0,"0 .. 20,000",0,0,0,0,999,999,0,0
446600,Magi Trials,Dharker Studio,Dharker Studios Ltd,,89,18,0,"0 .. 20,000",106,0,126,0,1299,1299,0,0
513920,Desperate Times,Yokcos,Yokcos,,8,2,0,"0 .. 20,000",0,0,0,0,499,499,0,0
518690,Seventh Knight PC Security,Seventh Knight,Seventh Knight,,20,11,0,"0 .. 20,000",0,0,0,0,3499,3499,0,0
520840,Gaming Accelerator 2,Seventh Knight,Seventh Knight,,11,9,0,"0 .. 20,000",1,0,1,0,1499,1499,0,0
525530,What Would You Do?,Matthew Roach,Matthew Roach,,7,7,0,"0 .. 20,000",0,0,0,0,0,0,0,0
526550,PitchFork,Jacob Velez,Iron Guard Cyber Security,,3,3,0,"0 .. 20,000",0,0,0,0,1499,1499,0,0
513460,Agenda,Exordium Games,Exordium Games,,20,28,0,"0 .. 20,000",0,0,0,0,999,999,0,0
530740,Spareware,Rusto,Rusto,,20,6,0,"0 .. 20,000",0,0,0,0,0,0,0,0
533040,Dark Parables: The Thief and the Tinderbox Collector's Edition,Eipix Entertainment,Big Fish Games,,9,2,0,"0 .. 20,000",0,0,0,0,999,999,0,2
463540,StreetCraft,"Lambda, 恶魔橘子","Lambda, 恶魔橘子",,15,2,0,"0 .. 20,000",0,0,0,0,499,499,0,0
525870,WackyMoles,CrystalGame,CrystalGame,,3,3,0,"0 .. 20,000",0,0,0,0,599,599,0,0
528860,Proxy - Ultimate Hacker,Ready Play Games,Ready Play Games,,13,2,0,"0 .. 20,000",0,0,0,0,799,799,0,0
511460,Unaided: 1939,Drix Studios,Drix Studios,,10,5,0,"0 .. 20,000",0,0,0,0,999,999,0,0
535000,EXIT,SIXNAILS,SIXNAILS,,31,1,0,"0 .. 20,000",0,0,0,0,699,699,0,0
530160,Eve of Destruction - REDUX VIETNAM,Lotte|EoD,Agger Interactive,,38,18,0,"0 .. 20,000",0,0,0,0,999,999,0,0
535530,Demon Hunter,"Beijing Skyline Interaction Technology Co., Ltd.","Beijing Skyline Interaction Technology Co., Ltd.",,4,4,0,"0 .. 20,000",0,0,0,0,1999,1999,0,0
355230,Faceted Flight,The Department of Silly Stuff,The Department of Silly Stuff,,17,5,0,"0 .. 20,000",0,0,0,0,0,0,0,0
415900,Bugspeed Collider,Skelefactor,Skelefactor,,3,1,0,"0 .. 20,000",0,0,0,0,499,499,0,0
521860,Lop Nor Zombie VR (HTC Vive),哈视奇科技,哈视奇科技,,40,15,0,"0 .. 20,000",0,0,0,0,299,299,0,0
528950,Nekuia,Blue Gate,Plug In Digital,,13,3,0,"0 .. 20,000",154,0,248,0,999,999,0,0
534000,Fast Action Hero,Sirius Sam,RL Agency,,85,13,0,"0 .. 20,000",0,0,0,0,1199,1199,0,0
522300,Polywings,Mariano Larronde,Mariano Larronde,,14,6,0,"0 .. 20,000",0,0,0,0,499,499,0,0
537590,Bridge to Nowhere,Peter Labick,Peter Labick,,5,5,0,"0 .. 20,000",0,0,0,0,0,0,0,0
522200,Loading Human: Chapter 1,Untold Games,Maximum Games,,12,25,0,"0 .. 20,000",0,0,0,0,999,999,0,0
529420,Crazy Sapper 3D,Aratog LLC,Aratog LLC,,7,7,0,"0 .. 20,000",0,0,0,0,499,499,0,0
531530,Polygod,Krafted Games,Krafted Games,,113,17,0,"0 .. 20,000",109,0,109,0,0,0,0,0
535910,Meow-Jong,"Pixel Barrage Entertainment, Inc.","Pixel Barrage Entertainment, Inc.",,32,1,0,"0 .. 20,000",0,0,0,0,199,199,0,0
538410,Chicken Chase,Kalan Ray,VKTRY Creative Studios,,6,2,0,"0 .. 20,000",0,0,0,0,299,299,0,0
522960,Airship Commander,CBL Industries,CBL Industries,,3,5,0,"0 .. 20,000",0,0,0,0,999,999,0,0
526510,The Hateful Dead,Sayan,Sayan,,23,4,0,"0 .. 20,000",0,0,0,0,499,499,0,0
522710,Virtual Escape: The Play Room,"Default Interactive, Broken Dreams, Webb 3D",Default Interactive,,27,0,0,"0 .. 20,000",0,0,0,0,699,699,0,0
536530,Marlene Betwixt,Uzi Games,Uzi Games,,11,8,0,"0 .. 20,000",0,0,0,0,399,399,0,0
523720,Unruly Ghouls,Machete Games LLC,Machete Games LLC,,15,0,0,"0 .. 20,000",0,0,0,0,499,499,0,0
529630,The Rabbit Hole Remastered,VRMonkey,VRMonkey,,10,9,0,"0 .. 20,000",0,0,0,0,399,399,0,0
535010,Pen Island VR,ReaVR Games,ReaVR Games,,4,3,0,"0 .. 20,000",0,0,0,0,0,0,0,0
537760,Arizona Rose and the Pirates' Riddles,Anawiki Games,Anawiki Games,,10,2,0,"0 .. 20,000",0,0,0,0,999,999,0,0
538700,TURGUL: RAPID FIGHTING,dynamicsoulworks,OtakuMaker.com,,0,2,0,"0 .. 20,000",0,0,0,0,99,99,0,0
512170,the research facility NO.507,SketchTech,SketchTech,,48,35,0,"0 .. 20,000",0,0,0,0,399,399,0,0
530650,Rogues or Heroes,M.BonKov,M.BonKov,,7,2,0,"0 .. 20,000",0,0,0,0,499,499,0,0
541160,MC Lars: The Video Game,"Synersteel Studio, LLC","Synersteel Studio, LLC",,10,2,0,"0 .. 20,000",0,0,0,0,499,499,0,0
512120,Nakiti Generations,Diablohead,Diablohead,,17,10,0,"0 .. 20,000",0,0,0,0,699,699,0,0
521140,King Machine,FastRam Design,FastRam Design,,1,2,0,"0 .. 20,000",0,0,0,0,1499,1499,0,0
449450,SPLIT BULLET,IndigoBlue Game Studio,PsychoFlux Entertainment,,52,5,0,"0 .. 20,000",0,0,0,0,399,399,0,0
538470,Remind Yourself,Marcos Dumont,Marcos Dumont,,2,3,0,"0 .. 20,000",0,0,0,0,199,199,0,0
544000,Dream UniVRse,viVRe,viVRe,,2,0,0,"0 .. 20,000",0,0,0,0,499,499,0,0
513310,Aviators,Eclipse Studios,501 Industries,,1,0,0,"0 .. 20,000",0,0,0,0,299,299,0,0
540770,Subject 264,Virtual Guys,Virtual Guys,,14,2,0,"0 .. 20,000",0,0,0,0,999,999,0,0
546440,Sluggish Morss: Days of the Purple Sun,J. King-Spooner,erm...,,1,6,0,"0 .. 20,000",0,0,0,0,99,99,0,0
526890,A Day in the Woods,RetroEpic Software,RetroEpic Software,,18,0,0,"0 .. 20,000",0,0,0,0,499,499,0,0
545850,Shady Brook - A Dark Mystery Text Adventure,Storycentric Worlds,Unimatrix Productions,,13,1,0,"0 .. 20,000",0,0,0,0,299,299,0,0
533030,Haunted Hotel,Special Bit,Big Fish Games,,4,5,0,"0 .. 20,000",0,0,0,0,699,699,0,0
543350,The Night The Carsons Disappeared,Stephen Long,Stephen Long,,18,9,0,"0 .. 20,000",6,0,6,0,0,0,0,0
547740,Across,Jonathan Sprauel Games,Jonathan Sprauel Games,,6,5,0,"0 .. 20,000",0,0,0,0,799,799,0,0
542270,Project Alpha 002,ZaraCodeGames,ZaraCodeGames,,5,4,0,"0 .. 20,000",0,0,0,0,299,299,0,0
455290,Dashing Dinos,Lost Mountain,Lost Mountain,,4,0,0,"0 .. 20,000",0,0,0,0,999,999,0,0
510320,Conflict of Heroes: Awakening the Bear,Western Civilization Software,Slitherine Ltd.,,19,13,0,"0 .. 20,000",0,0,0,0,2999,2999,0,1
541420,Hoverboards VR,Mike Harris,Mike Harris Design,,10,1,0,"0 .. 20,000",0,0,0,0,0,0,0,0
542030,RuneSage,George Gilbert,George Gilbert,,48,3,0,"0 .. 20,000",0,0,0,0,999,999,0,0
381340,Mallow Drops,Gritfish,Green Stripe Snake,,24,2,0,"0 .. 20,000",0,0,0,0,999,999,0,0
491350,Way of the Red,Corey Hardman,Corey Hardman,,28,3,0,"0 .. 20,000",0,0,0,0,399,399,0,0
